0500004b313300000000
04000049313300000000
03000e47313300000000
01000843323400080001
02000845313300000002
020008453032fff80003
020008453031fff00004
020005452f31ffeb0005
020008452e30ffe30006
020008452e2fffdb0007
02ffff442e2fffdb0007
01ffff422e2fffdb0007
020008452d2fffd30008
010008432e2fffdb0009
010008432e30ffe3000a
010008432f31ffeb000b
020001452f31ffea000c
020007452e30ffe3000d
010008432f31ffeb000e
020008452e30ffe3000f
010007432f31ffea0010
010007433031fff10011
020006452f31ffeb0012
010001432f31ffec0013
010006433032fff20014
020001453031fff10015
020008452f31ffe90016
010008433031fff10017
020003452f31ffee0018
010008433032fff60019
010008433133fffe001a
020008453032fff6001b
010004433132fffa001c
0100084331330002001d
0100054332340007001e
0100014332340008001f
02000345323300050020
02000545313300000021
020004453132fffc0022
010002433133fffe0023
01000843323300060024
01000343323400090025
01000843333500110026
02000845323400090027
02000145323400080028
02000845313300000029
020008453032fff8002a
0100084331330000002b
0100074332340007002c
0200054531330002002d
010008433234000a002e
0200084531330002002f
010008433234000a0030
01ffff423234000a0030
02000345323400070031
010008433334000f0032
01000843333500170033
010008433436001f0034
01000743353700260035
020008453436001e0036
010001433436001f0037
02000845333500170038
010004433436001b0039
0100074334360022003a
010008433537002a003b
0100084336380032003c
010008433739003a003d
0200054536380035003e
0100044337380039003f
02000845363800310040
01000843373800390041
010006433739003f0042
02000845363800370043
01000243373800390044
01000843373900410045
02000145373900400046
01000843383a00480047
02000145383a00470048
020008453739003f0049
0200084536380037004a
020008453637002f004b
0100084336380037004c
0200024536380035004d
010008433739003d004e
01000843383a0045004f
01000843393a004d0050
01000843393b00550051
05ef1a4b393b00550051
010003433a3b00580052
02000845393b00500053
010007433a3b00570054
010008433a3c005f0055
010008433b3d00670056
010002433b3d00690057
010008433c3e00710058
020002453c3e006f0059
020001453c3d006e005a
020008453b3d0066005b
020008453a3c005e005c
01ffff423a3c005e005c
010008433b3d0066005d
020006453a3c0060005e
020008453a3b0058005f
010008433a3c00600060
020008453a3b00580061
02000345393b00550062
02000944393b00550062
010008433a3c005d0063
010007433b3d00640064
010008433c3d006c0065
020002453b3d006a0066
010004433c3d006e0067
020008453b3d00660068
020000443b3d00660068
020008453a3c005e0069
02000845393b0056006a
02000745393b004f006b
02000845383a0047006c
01000843393b004f006d
010008433a3b0057006e
010002433a3b0059006f
010005433a3c005e0070
010006433b3d00640071
020006453a3c005e0072
020005453a3b00590073
02000845393b00510074
010008433a3b00590075
010009423a3b00590075
02000545393b00540076
010008433a3c005c0077
010000423a3c005c0077
020005453a3b00570078
010008433a3c005f0079
020008453a3b0057007a
010008433a3c005f007b
020007453a3b0058007c
010005433a3c005d007d
02000845393b0055007e
010002433a3b0057007f
010008433a3c005f0080
020008453a3b00570081
010003433a3c005a0082
0566ce4b3a3c005a0082
010002433a3c005c0083
02000645393b00560084
010007433a3c005d0085
020004453a3b00590086
02000545393b00540087
02000445393b00500088
02000845383a00480089
0200074537390041008a
0100014338390042008b
020008453739003a008c
0200024537380038008d
0100014337380039008e
0100084337390041008f
02000845373800390090
02000745363800320091
01000743373800390092
01000843373900410093
020004453739003d0094
020000443739003d0094
02ffff443739003d0094
01000843383a00450095
01000643383a004b0096
02000445383a00470097
01000843393b004f0098
010008433a3b00570099
010007433a3c005e009a
010008433b3d0066009b
020008453a3c005e009c
02000845393b0056009d
010008433a3c005e009e
02000845393b0056009f
010008433a3c005e00a0
010008433b3d006600a1
010008433c3d006e00a2
010008433c3e007600a3
020008453c3d006e00a4
010003433c3e007100a5
020008453b3d006900a6
020003453b3d006600a7
010008433c3d006e00a8
020008453b3d006600a9
010008433c3d006e00aa
010008433c3e007600ab
020002453c3e007400ac
020008453c3d006c00ad
020008453b3d006400ae
010008433c3d006c00af
010005433c3e007100b0
010008433d3e007900b1
010003433d3f007c00b2
010008433e3f008400b3
020007453d3f007d00b4
020007453c3e007600b5
010008433d3f007e00b6
010001433d3f007f00b7
020004453d3f007b00b8
020008453c3e007300b9
010003433c3e007600ba
010008433d3f007e00bb
020002453d3f007c00bc
010001433d3f007d00bd
020008453c3e007500be
020008453c3d006d00bf
020008453b3d006500c0
010007433c3d006c00c1
020001453b3d006b00c2
010001433c3d006c00c3
020008453b3d006400c4
010001433b3d006500c5
020008453a3c005d00c6
020005453a3b005800c7
02000445393b005400c8
02ffff44393b005400c8
02000745393a004d00c9
02000845383a004500ca
01000843393a004d00cb
01000843393b005500cc
02000845393a004d00cd
01000843393b005500ce
02000845393a004d00cf
01000843393b005500d0
010008433a3c005d00d1
010008433b3d006500d2
010002433b3d006700d3
010008433c3e006f00d4
010004433c3e007300d5
020001453c3e007200d6
010008433d3f007a00d7
010004433d3f007e00d8
020001453d3f007d00d9
020008453c3e007500da
0502d94b3c3e007500da
010006433d3f007b00db
020008453c3e007300dc
020007453c3d006c00dd
020008453b3d006400de
010008433c3d006c00df
020008453b3d006400e0
020008453a3c005c00e1
010001433a3c005d00e2
02000845393b005500e3
010008433a3c005d00e4
010004433a3c006100e5
010008433b3d006900e6
010008433c3e007100e7
010008433d3e007900e8
010004433d3f007d00e9
020008453c3e007500ea
010008433d3f007d00eb
010008433e40008500ec
010008433f40008d00ed
010004433f41009100ee
010008434041009900ef
010004434042009d00f0
01000843414200a500f1
01000343414300a800f2
01000243414300aa00f3
01000843424400b200f4
01000843434400ba00f5
02000145424400b900f6
02000845424300b100f7
01000243424400b300f8
01000843434400bb00f9
01000743434500c200fa
01000643444500c800fb
01000643444600ce00fc
01000843454700d600fd
01000843464700de00fe
01000843464800e600ff
01000843474900ee0100
01000543474900f30101
01000843484a00fb0102
01000843494a01030103
01000743494b010a0104
010007434a4b01110105
010006434a4c01170106
010005434a4c011c0107
010007434b4c01230108
010001434b4d01240109
010008434c4d012c010a
010008434c4e0134010b
010006434d4e013a010c
010004434d4e013e010d
020008454c4e0136010e
010001434c4e0137010f
020006454c4d01310110
010006434c4e01370111
010008434d4e013f0112
010008434d4f01470113
010008434e4f014f0114
020008454d4f01470115
020005454d4f01420116
010008434e4f014a0117
010001434e4f014b0118
010008434e5001530119
010003434e500156011a
010008434f50015e011b
010002434f510160011c
0100084350510168011d
0100084350520170011e
0100084351520178011f
01000843515201800120
01000843515301880121
010007435253018f0122
01000543525401940123
010008435354019c0124
01000843535401a40125
02000145535401a30126
01000343535501a60127
01000243535501a80128
01000543545501ad0129
01000843545501b5012a
01000643545601bb012b
01000843555601c3012c
01000143555601c4012d
01000343555601c7012e
01000843555701cf012f
01000343555701d20130
01000843565701da0131
01000843565701e20132
01000843565801ea0133
01000643575801f00134
01000343575801f30135
01000643575801f90136
01000843575902010137
01000443585902050138
010005435859020a0139
0100084358590212013a
0200014558590211013b
01000543585a0216013c
01000843595a021e013d
01000843595a0226013e
01000143595a0227013f
01000843595b022f0140
010008435a5b02370141
010005435a5b023c0142
010008435a5b02440143
010001435a5b02450144
010006435a5b024b0145
010001435a5b024c0146
010004435a5c02500147
010007435b5c02570148
010003435b5c025a0149
010008435b5c0262014a
010008435b5c026a014b
010008435b5d0272014c
010008435c5d027a014d
010008435c5d0282014e
010008435c5d028a014f
010002435c5d028c0150
010008435c5e02940151
020001455c5e02930152
010006435c5e02990153
020006455c5e02930154
010008435d5e029b0155
010008435d5e02a30156
010001435d5e02a40157
010008435d5e02ac0158
010008435d5e02b40159
010001435d5e02b5015a
010008435d5f02bd015b
010008435e5f02c5015c
010003435e5f02c8015d
020008455d5f02c0015e
010008435e5f02c8015f
010008435e5f02d00160
010008435e5f02d80161
010008435e5f02e00162
010002435e5f02e20163
010008435e5f02ea0164
010008435e6002f20165
010006435f6002f80166
010008435f6003000167
010008435f6003080168
020007455f6003010169
020006455f6002fb016a
010008435f600303016b
010008435f60030b016c
010003435f60030e016d
010004435f600312016e
010008435f60031a016f
010008435f6003220170
010008435f61032a0171
01000843606103320172
01000343606103350173
010008436061033d0174
01000543606103420175
02000145606103410176
020002456061033f0177
01000843606103470178
020008456061033f0179
0100044360610343017a
010008436061034b017b
0200084560610343017c
020008456061033b017d
0100064360610341017e
0100054360610346017f
010008436061034e0180
01000543606103530181
010008436061035b0182
01000843606103630183
01000443606103670184
010008436061036f0185
01000843606203770186
02000445606103730187
020008456061036b0188
02000845606103630189
020008456061035b018a
0200074560610354018b
010008436061035c018c
0100084360610364018d
0100034360610367018e
010008436061036f018f
01000843606203770190
010008436162037f0191
01000843616203870192
010005436162038c0193
01000743616203930194
010008436162039b0195
01000743616203a20196
01000843616203aa0197
01000843616203b20198
01000843616203ba0199
01000443616203be019a
01000243616203c0019b
01000843616203c8019c
01000843616203d0019d
01000843616203d8019e
01000643616203de019f
01000343616303e101a0
02000145616203e001a1
01000843616303e801a2
02000345616303e501a3
01000243616303e701a4
01000143616303e801a5
01000743626303ef01a6
02000845616303e701a7
01000843626303ef01a8
01000243626303f101a9
01000743626303f801aa
01000743626303ff01ab
02000445626303fb01ac
010008436263040301ad
010003436263040601ae
010004436263040a01af
010008436263041201b0
010005436263041701b1
010008436263041f01b2
010008436263042701b3
010008436263042f01b4
010008436263043701b5
010008436263043f01b6
010008436263044701b7
010008436263044f01b8
010008436263045701b9
010002436263045901ba
010008436263046101bb
010008436263046901bc
010008436263047101bd
010001436263047201be
01ffff426263047201be
010008436263047a01bf
010008436263048201c0
020006456263047c01c1
010005436263048101c2
010008436263048901c3
010007436263049001c4
010008436200049801c5
010003426200049801c5
010008426200049801c5
010003426200049801c5
010008426200049801c5
010008426200049801c5
010004426200049801c5
010008426200049801c5
010008426200049801c5
010003426200049801c5
010008426200049801c5
010002426200049801c5
010008426200049801c5
010008426200049801c5
010008426200049801c5
010008426200049801c5
010008426200049801c5
010004426200049801c5
010008426200049801c5
010006426200049801c5
010001426200049801c5
020006456263049201c6
010008436200049a01c7
02ffff446200049a01c7
010008426200049a01c7
010003426200049a01c7
010008426200049a01c7
010008426200049a01c7
010004426200049a01c7
010007426200049a01c7
010008426200049a01c7
010002426200049a01c7
010008426200049a01c7
010001426200049a01c7
020008456263049201c8
020008456263048a01c9
020008456263048201ca
020008456263047a01cb
020008456263047201cc
020008456263046a01cd
020008456263046201ce
020008456263045a01cf
020008456263045201d0
020008456263044a01d1
020008456263044201d2
020001456263044101d3
020003456263043e01d4
010008436263044601d5
020007456263043f01d6
020007456263043801d7
059c4e4b6263043801d7
020008456263043001d8
010008436263043801d9
020008456263043001da
020008456263042801db
020008456263042001dc
020005456263041b01dd
010008436263042301de
020008456263041b01df
020008456263041301e0
020008456263040b01e1
020003456263040801e2
020007456263040101e3
02000845626303f901e4
02000245626303f701e5
02000845626303ef01e6
02000645626303e901e7
02000345616303e601e8
01000443626303ea01e9
02000245616303e801ea
01000643626303ee01eb
02000145626303ed01ec
02000545616303e801ed
02000545616303e301ee
02000845616203db01ef
02ffff44616203db01ef
01000643616303e101f0
05c0bd4b616303e101f0
02000245616203df01f1
02000845616203d701f2
02000845616203cf01f3
02000245616203cd01f4
02000145616203cc01f5
02000545616203c701f6
02000245616203c501f7
02000145616203c401f8
02000445616203c001f9
02000545616203bb01fa
02000145616203ba01fb
0531874b616203ba01fb
02000845616203b201fc
02000845616203aa01fd
02000245616203a801fe
02000845616203a001ff
02000845616203980200
02000845616203900201
02000845616203880202
010007436162038f0203
02000845616203870204
020008456162037f0205
02000845606203770206
020008456061036f0207
02000645606103690208
02000845606103610209
0200084560610359020a
0200084560610351020b
0200084560610349020c
0200044560610345020d
020008456061033d020e
0200074560610336020f
010005436061033b0210
05caff4b6061033b0210
020001456061033a0211
02000145606103390212
020008455f6103310213
020008455f6003290214
020002455f6003270215
020008455f60031f0216
010005435f6003240217
020004455f6003200218
020008455f6003180219
020003455f600315021a
020008455f60030d021b
020004455f600309021c
020008455f600301021d
020007455f6002fa021e
020008455e6002f2021f
020009445e6002f2021f
020008455e5f02ea0220
020008455e5f02e20221
020008455e5f02da0222
020008455e5f02d20223
020008455e5f02ca0224
020008455d5f02c20225
020008455d5e02ba0226
020008455d5e02b20227
020008455d5e02aa0228
020008455d5e02a20229
020008455c5e029a022a
020008455c5d0292022b
020002455c5d0290022c
020001455c5d028f022d
020008455c5d0287022e
020008455c5d027f022f
020002455c5d027d0230
010005435c5d02820231
010008435c5d028a0232
020008455c5d02820233
020004455c5d027e0234
020008455c5d02760235
020008455b5d026e0236
020008455b5c02660237
020008455b5c025e0238
020005455b5c02590239
010008435b5c0261023a
010005435b5c0266023b
020008455b5c025e023c
020001455b5c025d023d
020005455b5c0258023e
020008455a5c0250023f
020006455a5b024a0240
020008455a5b02420241
020008455a5b023a0242
02000845595b02320243
02000845595a022a0244
02000845595a02220245
02000745585a021b0246
02000845585902130247
020008455859020b0248
01000643585902110249
0200084558590209024a
0200054558590204024b
02000845575901fc024c
02000044575901fc024c
0100084358590204024d
02000845575901fc024e
02000745575801f5024f
02000545575801f00250
02000145575801ef0251
02000845565801e70252
02000845565701df0253
01000843565801e70254
02000845565701df0255
02000944565701df0255
02000345565701dc0256
02000745565701d50257
02000145555701d40258
02000245555701d20259
02000545555701cd025a
02000845555601c5025b
02000145555601c4025c
02000845545601bc025d
02000845545501b4025e
02000845535501ac025f
02000845535401a40260
02000345535401a10261
020007455354019a0262
02000845525401920263
020008455253018a0264
02000845515301820265
020008455152017a0266
01000843515301820267
020008455152017a0268
02000345505201770269
0200074550520170026a
020003455051016d026b
0200054550510168026c
0568df4b50510168026c
020008454f510160026d
020004454f50015c026e
020008454e500154026f
020006454e4f014e0270
020002454e4f014c0271
020008454d4f01440272
020002454d4f01420273
020008454d4e013a0274
020009444d4e013a0274
020008454c4e01320275
020008454b4d012a0276
010008434c4e01320277
020003454c4d012f0278
020004454b4d012b0279
020008454b4c0123027a
020008454a4c011b027b
010005434b4c0120027c
020008454a4c0118027d
020008454a4b0110027e
02000445494b010c027f
02000845494a01040280
02000645484a00fe0281
02000145484a00fd0282
02000345484900fa0283
02000845474900f20284
02000845474800ea0285
02000745464800e30286
01000343464800e60287
02000845464700de0288
02000845454700d60289
02000845444600ce028a
02000845444500c6028b
02ffff44444500c6028b
02000445434500c2028c
02000145434500c1028d
02000845424400b9028e
02000845424300b1028f
02000845414300a90290
01000843424300b10291
02000345424300ae0292
02000645414300a80293
02000645404200a20294
020008454041009a0295
020008453f4100920296
020008453e40008a0297
020008453e3f00820298
020008453d3f007a0299
010001433d3f007b029a
020008453c3e0073029b
020005453c3d006e029c
020004453b3d006a029d
010008433c3e0072029e
020005453c3d006d029f
020008453b3d006502a0
020001453b3d006402a1
020002453b3c006202a2
020001453a3c006102a3
020008453a3b005902a4
02000745393b005202a5
02000845383a004a02a6
02000545383a004502a7
020003453839004202a8
020008453739003a02a9
020006453638003402aa
020006453637002e02ab
020008453537002602ac
020008453436001e02ad
020001453436001d02ae
010008433536002502af
020002453536002302b0
020002453436002102b1
020001453436002002b2
020008453335001802b3
020007453335001102b4
020004453234000d02b5
020008453233000502b6
020008453133fffd02b7
010008433233000502b8
010008433234000d02b9
020008453233000502ba
020008453133fffd02bb
020008453032fff502bc
020008452f31ffed02bd
010006433032fff302be
010008433132fffb02bf
010008433133000302c0
010008433234000b02c1
010008433335001302c2
010003433335001602c3
010008433436001e02c4
010008433537002602c5
010003433537002902c6
020005453536002402c7
010004433537002802c8
010008433638003002c9
020008453537002802ca
020004453536002402cb
020008453436001c02cc
010008433536002402cd
010008433537002c02ce
020008453536002402cf
010002433537002602d0
020004453436002202d1
010008433537002a02d2
010008433638003202d3
010002433638003402d4
010002433638003602d5
020009443638003602d5
010008433739003e02d6
01000843383a004602d7
020008453739003e02d8
020008453638003602d9
020002453638003402da
020008453537002c02db
020008453536002402dc
020007453436001d02dd
020008453335001502de
020008453234000d02df
010008433335001502e0
010005433435001a02e1
020008453335001202e2
010008433435001a02e3
020008453335001202e4
020008453234000a02e5
010008433335001202e6
010008433435001a02e7
010007433436002102e8
010008433537002902e9
020008453436002102ea
010008433537002902eb
020008453436002102ec
020005453436001c02ed
020008453335001402ee
020005453334000f02ef
020008453234000702f0
010004433234000b02f1
020008453133000302f2
020008453132fffb02f3
020002453032fff902f4
010008433133000102f5
020005453132fffc02f6
020006453032fff602f7
010008433133fffe02f8
010009423133fffe02f8
010007433233000502f9
020006453133ffff02fa
010008433234000702fb
010008433334000f02fc
010002433335001102fd
010008433435001902fe
020008453335001102ff
01000843343500190300
01000843343600210301
02000845343500190302
02000845333500110303
01ffff42333500110303
01000843343500190304
02000145333500180305
01000143343500190306
02000145333500180307
02000944333500180307
01000843343600200308
01000843353700280309
0200014535370027030a
020008453436001f030b
0200064534350019030c
010006433436001f030d
0100084335370027030e
010003433537002a030f
01000843363800320310
020008453537002a0311
010004433637002e0312
01000543363800330313
020007453537002c0314
02000845353600240315
020008453436001c0316
01000843353600240317
01000443353700280318
01000143353700290319
0200044535360025031a
0100014335370026031b
0200064534360020031c
0100084335370028031d
0200084534360020031e
0200084533350018031f
01000143343500190320
02000845333500110321
01000843343500190322
010003433436001c0323
02000445333500180324
02000845333400100325
02000845323400080326
01000843333400100327
01000843333500180328
02000845333400100329
0200084532340008032a
0200084531330000032b
0100044332330004032c
020006453133fffe032d
0100084332330006032e
020008453133fffe032f
01000443313300020330
0522c74b313300020330
020008453132fffa0331
020006453032fff40332
020007452f31ffed0333
020007452f30ffe60334
010008432f31ffee0335
020001452f31ffed0336
010003433031fff00337
020008452f31ffe80338
020005452e30ffe30339
010002432e30ffe5033a
020005452e30ffe0033b
020003452e2fffdd033c
020007452d2fffd6033d
020008452c2effce033e
010008432d2fffd6033f
020008452c2effce0340
010008432d2fffd60341
010004432d2fffda0342
010008432e30ffe20343
010008432f31ffea0344
020008452e30ffe20345
020004452e30ffde0346
010006432e30ffe40347
020008452e2fffdc0348
010008432e30ffe40349
010008432f31ffec034a
010008433032fff4034b
02ffff443032fff4034b
020008452f31ffec034c
010008433032fff4034d
020008452f31ffec034e
010008433032fff4034f
020008452f31ffec0350
010008433032fff40351
020001453032fff30352
020007452f31ffec0353
020008452e30ffe40354
010008432f31ffec0355
010008433032fff40356
010008433132fffc0357
020002453132fffa0358
020008453032fff20359
010004433032fff6035a
020009443032fff6035a
010008433133fffe035b
020008453032fff6035c
020008452f31ffee035d
020008452f30ffe6035e
020007452e30ffdf035f
010008432f30ffe70360
010008432f31ffef0361
020006452f31ffe90362
020008452e30ffe10363
0597b54b2e30ffe10363
010008432f31ffe90364
020008452e30ffe10365
010008432f31ffe90366
020008452e30ffe10367
010003432e30ffe40368
020003452e30ffe10369
020005452e2fffdc036a
010008432e30ffe4036b
020008452e2fffdc036c
020008452d2fffd4036d
010008432e2fffdc036e
020006452d2fffd6036f
010008432e30ffde0370
020006452d2fffd80371
020008452c2effd00372
020008452c2dffc80373
020008452b2dffc00374
010008432c2dffc80375
020008452b2dffc00376
020008452a2cffb80377
010008432b2dffc00378
020008452a2cffb80379
010008432b2dffc0037a
010002432b2dffc2037b
020008452a2cffba037c
020008452a2bffb2037d
010008432a2cffba037e
010004432b2cffbe037f
010006432b2dffc40380
020008452b2cffbc0381
010008432b2dffc40382
010008432c2effcc0383
020008452b2dffc40384
020008452b2cffbc0385
010008432b2dffc40386
010006432c2effca0387
05d4a54b2c2effca0387
010000422c2effca0387
020003452c2dffc70388
010008432c2effcf0389
020008452c2dffc7038a
010006432c2effcd038b
010007432d2fffd4038c
020007452c2effcd038d
020001452c2effcc038e
020004452c2dffc8038f
010006432c2effce0390
010005432d2fffd30391
010008432e2fffdb0392
010008432e30ffe30393
010007432f31ffea0394
010007433031fff10395
010008433032fff90396
01000843313300010397
01000843323400090398
02000845313300010399
020008453032fff9039a
020003453032fff6039b
020006453031fff0039c
020001452f31ffef039d
020008452f30ffe7039e
020004452e30ffe3039f
020008452e2fffdb03a0
020008452d2fffd303a1
020001452d2effd203a2
020008452c2effca03a3
010008432d2effd203a4
020008452c2effca03a5
03040e570000ffca03a5
010001520000ffca03a5
020001540000ffca03a5
03000e472c2effca03a5
04000049313300000000
030051272f3500000000
020010252c32fff00001
010010232f3500000002
020007252e34fff90003
020010252a31ffe90004
010010232e34fff90005
020010252a31ffe90006
01000e232d33fff70007
020010252a30ffe70008
01000f232d33fff60009
020001252d33fff5000a
01000f2330360004000b
0100102333390014000c
05e2472b33390014000c
0200102530360004000d
0100102333390014000e
01001023363c0024000f
02001025333900140010
020009253137000b0011
01000623323800110012
020010252f3500010013
020010252c32fff10014
020006252b31ffeb0015
02001025282effdb0016
010009232a30ffe40017
02001025262dffd40018
02000b25242affc90019
020010252227ffb9001a
01001023242affc9001b
020010252227ffb9001c
020007252026ffb2001d
010010232329ffc2001e
020010252026ffb2001f
02000a251f24ffa80020
020010251c22ff980021
02001025191fff880022
02001025171cff780023
01001023191fff880024
01001122191fff880024
010004231a20ff8c0025
02000d25181dff7f0026
02001025161bff6f0027
02000125161bff6e0028
01000423161bff720029
01000923171dff7b002a
01000e231a1fff89002b
02001025171dff79002c
010010231a1fff89002d
010010231c22ff99002e
010006231d23ff9f002f
02000e251b20ff910030
010010231d23ffa10031
01000b231f25ffac0032
020010251d22ff9c0033
020010251a20ff8c0034
02000825191eff840035
02001025161cff740036
01001023191eff840037
010008231a20ff8c0038
02001025181dff7c0039
02000225171dff7a003a
02001025151aff6a003b
01000223151bff6c003c
01000d23171dff79003d
02001025151aff69003e
01001023171dff79003f
02001025151aff690040
020008251419ff610041
02000e251217ff530042
010010231419ff630043
01000f23161bff720044
01000b23181dff7d0045
02000625171cff770046
01000323171dff7a0047
02ffff24171dff7a0047
010010231a1fff8a0048
01000d231c21ff970049
02001025191fff87004a
02000f25171cff78004b
01000923181eff81004c
01000723191fff88004d
02000024191fff88004d
010006231a20ff8e004e
02000725191fff87004f
010010231c21ff970050
01000c231e23ffa30051
01000d232026ffb00052
02000f251d23ffa10053
010010232026ffb10054
010010232329ffc10055
01001023262cffd10056
02000925242affc80057
01001023272dffd80058
02001025242affc80059
020010252127ffb8005a
01001023242affc8005b
020006252329ffc2005c
01001023262cffd2005d
01001023292fffe2005e
02001025262cffd2005f
01000723272dffd90060
01000423282effdd0061
02001025252bffcd0062
020010252228ffbd0063
010003232329ffc00064
020010252026ffb00065
020010251d23ffa00066
020002251d23ff9e0067
01000a231f24ffa80068
020010251c22ff980069
010010231f24ffa8006a
02000b251d22ff9d006b
010001231d23ff9e006c
010010232025ffae006d
020010251d23ff9e006e
010010232025ffae006f
010010232228ffbe0070
020003252228ffbb0071
01000f23252bffca0072
02000c252228ffbe0073
01001023252bffce0074
020010252228ffbe0075
020010252025ffae0076
020003251f25ffab0077
010010232228ffbb0078
02000c252026ffaf0079
020006251f25ffa9007a
020010251c22ff99007b
02000d251a20ff8c007c
010010231d22ff9c007d
010010231f25ffac007e
010010232228ffbc007f
02000f251f25ffad0080
010010232228ffbd0081
020010251f25ffad0082
01000b232127ffb80083
020010251f24ffa80084
020008251d23ffa00085
02000e251b21ff920086
010001231b21ff930087
01000f231e23ffa20088
01000f232026ffb10089
010010232329ffc1008a
01000d23252bffce008b
01000623262dffd4008c
020010252429ffc4008d
010000222429ffc4008d
01001023262dffd4008e
02000d25242affc7008f
020010252127ffb70090
020010251e24ffa70091
02000c251c22ff9b0092
02000d251a20ff8e0093
02001025181dff7e0094
02000d25161bff710095
020010251419ff610096
01001023161bff710097
020010251419ff610098
01001023161bff710099
01000b23181dff7c009a
02000c25161bff70009b
02000c251419ff64009c
01001023161cff74009d
01001023191eff84009e
010010231b21ff94009f
010010231e24ffa400a0
010010232127ffb400a1
020010251e24ffa400a2
020010251b21ff9400a3
010010231e24ffa400a4
02000a251c22ff9a00a5
02000b251a20ff8f00a6
02000725191fff8800a7
010010231c22ff9800a8
010010231f24ffa800a9
01000c232127ffb400aa
010009232228ffbd00ab
020002252228ffbb00ac
01001023252bffcb00ad
01000a23272dffd500ae
01000b23292fffe000af
010010232c32fff000b0
01000b232e34fffb00b1
020002252e34fff900b2
010010233137000900b3
02000a252f35ffff00b4
010006233036000500b5
020010252d33fff500b6
010010233036000500b7
010010233339001500b8
01001023363c002500b9
01001023393f003500ba
010008233b41003d00bb
020005253a40003800bc
02001025373d002800bd
010010233a40003800be
02000825383e003000bf
010010233b41004000c0
02000a25393f003600c1
010002233a40003800c2
01000d233c42004500c3
010001233c42004600c4
02000c253a40003a00c5
02001025373d002a00c6
02001025343a001a00c7
01000923363c002300c8
01000e23383e003100c9
02000e25363c002300ca
02000f253339001400cb
020010253036000400cc
010010233339001400cd
01000f23363c002300ce
01000423373d002700cf
02000e25343a001900d0
01000823353b002100d1
01001023383e003100d2
02000d25363c002400d3
020010253339001400d4
01ffff223339001400d4
020001253339001300d5
010001233339001400d6
02000e253036000600d7
020010252d33fff600d8
01000d233036000300d9
02000e252d33fff500da
010010233036000500db
02000c252e34fff900dc
010009232f35000200dd
010001233036000300de
010007233137000a00df
01000c233339001600e0
020010253036000600e1
010009233238000f00e2
020003253137000c00e3
02ffff243137000c00e3
01001023343a001c00e4
020007253339001500e5
01001023363c002500e6
01000823383e002d00e7
01000923393f003600e8
0507212b393f003600e8
010010233c42004600e9
010010233f45005600ea
020010253c42004600eb
020011243c42004600eb
02001025393f003600ec
02000d25373d002900ed
01000323373e002c00ee
010010233b40003c00ef
02000c25383e003000f0
02001025353b002000f1
01001023383e003000f2
01000623393f003600f3
010002233a40003800f4
010010233d43004800f5
010010234045005800f6
010002234046005a00f7
01000c234248006600f8
02ffff244248006600f8
020002254247006400f9
010007234349006b00fa
02ffff244349006b00fa
01001023464b007b00fb
01001023484d008b00fc
02000425474d008700fd
010010234a4f009700fe
010010234c5100a700ff
010010234e5300b70100
010005234f5400bc0101
010004234f5400c00102
01001023515600d00103
01001023535700e00104
01001023545900f00105
01000d23565a00fd0106
01001023575b010d0107
01001122575b010d0107
01001023585c011d0108
01001023595d012d0109
010010235a5e013d010a
010009235b5f0146010b
010010235c5f0156010c
010010235c600166010d
010003235d600169010e
010010235d610179010f
020006255d6101730110
010006235d6101790111
01000f235e6101880112
010010235e6201980113
010008235f6201a00114
010010235f6201b00115
010007235f6301b70116
01001023606301c70117
01000723606301ce0118
01001023606301de0119
01001023600001ee011a
02001025606301de011b
01001023600001ee011c
01001022600001ee011c
01001022600001ee011c
01000c22600001ee011c
01000922600001ee011c
01001022600001ee011c
01000d22600001ee011c
02000e25606301e0011d
02001025606301d0011e
01001023606301e0011f
01001023600001f00120
01000922600001f00120
01000e22600001f00120
01000822600001f00120
01000a22600001f00120
01000d22600001f00120
01000b22600001f00120
01000122600001f00120
01000d22600001f00120
01001022600001f00120
01ffff22600001f00120
01000722600001f00120
01000b22600001f00120
01001022600001f00120
01000822600001f00120
01001022600001f00120
01001122600001f00120
01000f22600001f00120
01000822600001f00120
01001022600001f00120
01000a22600001f00120
01001022600001f00120
01001022600001f00120
01001022600001f00120
01000622600001f00120
01001022600001f00120
01000f22600001f00120
01001022600001f00120
01001022600001f00120
01001022600001f00120
02001025606301e00121
02001025606301d00122
01001023606301e00123
01001023600001f00124
01000b22600001f00124
02001025606301e00125
01001023600001f00126
01000722600001f00126
01001022600001f00126
01000522600001f00126
01000822600001f00126
01000f22600001f00126
01000922600001f00126
01001022600001f00126
02000f25606301e10127
01000123606301e20128
01001023600001f20129
01000522600001f20129
01001022600001f20129
01000822600001f20129
01000422600001f20129
01000e22600001f20129
01001022600001f20129
01001022600001f20129
01001022600001f20129
01000322600001f20129
01000422600001f20129
01001022600001f20129
01000c22600001f20129
01001022600001f20129
02000e25606301e4012a
01001023600001f4012b
01001022600001f4012b
01001022600001f4012b
01001022600001f4012b
01001022600001f4012b
02000625600001ee012c
01000822600001ee012c
01001022600001ee012c
01000122600001ee012c
01000322600001ee012c
01000922600001ee012c
02001025606301de012d
01001023600001ee012e
01000d22600001ee012e
01001022600001ee012e
01000422600001ee012e
01000022600001ee012e
01000922600001ee012e
01000a22600001ee012e
01000622600001ee012e
01000622600001ee012e
01001022600001ee012e
01001022600001ee012e
01000d22600001ee012e
01001022600001ee012e
01001022600001ee012e
01001022600001ee012e
01001022600001ee012e
01001022600001ee012e
02ffff24600001ee012e
01001022600001ee012e
01001022600001ee012e
02001025606301de012f
01000923606301e70130
02001025606301d70131
02000925606301ce0132
01000923606301d70133
01001023606301e70134
01000523600001ec0135
01001022600001ec0135
02001025606301dc0136
01000423606301e00137
01000d23600001ed0138
01000222600001ed0138
01000522600001ed0138
01001022600001ed0138
01001022600001ed0138
01000c22600001ed0138
01000122600001ed0138
01000b22600001ed0138
01000d22600001ed0138
01001022600001ed0138
01001022600001ed0138
01000822600001ed0138
01001022600001ed0138
01001022600001ed0138
01001022600001ed0138
01001022600001ed0138
01ffff22600001ed0138
02001025606301dd0139
01001023600001ed013a
01000222600001ed013a
01001022600001ed013a
02001025606301dd013b
01000723606301e4013c
01000823600001ec013d
01000b22600001ec013d
01001022600001ec013d
01000222600001ec013d
02001025606301dc013e
01001023600001ec013f
01001022600001ec013f
01001022600001ec013f
01001022600001ec013f
01001022600001ec013f
02001025606301dc0140
01000a23606301e60141
01000022606301e60141
01000123606301e70142
02000925606301de0143
01000223606301e00144
02000425606301dc0145
01001023600001ec0146
01001022600001ec0146
02000925606301e30147
01001023600001f30148
01000a22600001f30148
02001025606301e30149
02000e25606301d5014a
01001023606301e5014b
01000c23600001f1014c
01001022600001f1014c
01000e22600001f1014c
01001022600001f1014c
02ffff24600001f1014c
01000422600001f1014c
02001025606301e1014d
01001023600001f1014e
01001022600001f1014e
01001022600001f1014e
02000925606301e8014f
01001023600001f80150
01000922600001f80150
01000c22600001f80150
01001022600001f80150
01001022600001f80150
01001022600001f80150
01000922600001f80150
01001022600001f80150
01001022600001f80150
02001025606301e80151
01001023600001f80152
01001022600001f80152
01001022600001f80152
01000222600001f80152
01000622600001f80152
01000d22600001f80152
01001022600001f80152
01000922600001f80152
01000e22600001f80152
02000925600001ef0153
01001022600001ef0153
01001022600001ef0153
01000c22600001ef0153
01000a22600001ef0153
01001022600001ef0153
01001022600001ef0153
01000922600001ef0153
02000925606301e60154
01001023600001f60155
01000c22600001f60155
02001025606301e60156
01001023600001f60157
01001022600001f60157
02001025606301e60158
02000e25606301d80159
02001025606301c8015a
02000b255f6301bd015b
020004255f6301b9015c
02000d255f6201ac015d
020010255e62019c015e
020010255e61018c015f
01000a235e6201960160
020010255e6101860161
020006255d6101800162
020005255d61017b0163
02000b255d6001700164
020002255d60016e0165
020010255c60015e0166
020003255c60015b0167
020005255c5f01560168
020001255c5f01550169
020010255b5f0145016a
020010255a5e0135016b
02000825595d012d016c
02001025585c011d016d
02001025575b010d016e
02000625565b0107016f
02000c25555a00fb0170
02001025545800eb0171
02001025525700db0172
02001025515500cb0173
02000e254f5400bd0174
02000a254e5300b30175
020010254c5100a30176
02001025494f00930177
010010234c5100a30178
02001025494f00930179
010010234c5100a3017a
02000e254a4f0095017b
02000425494e0091017c
02001025474c0081017d
02001025444a0071017e
0200102541470061017f
02000e253f4500530180
01001023424700630181
020010253f4500530182
020010253c4200430183
02000a253a4000390184
02001025373d00290185
01001122373d00290185
02001025343a00190186
02000d253137000c0187
020010252e34fffc0188
020010252b31ffec0189
02001025282effdc018a
02001025252bffcc018b
020008252429ffc4018c
020002252329ffc2018d
020010252026ffb2018e
020002252026ffb0018f
020010251d23ffa00190
020008251c22ff980191
02000a251a20ff8e0192
02000b25191eff830193
05e88f2b191eff830193
02001025161cff730194
02000b25151aff680195
020010251318ff580196
020010251116ff480197
010010231318ff580198
020010251116ff480199
020002251115ff46019a
020010250f14ff36019b
02000e250d12ff28019c
020010250c10ff18019d
02000c250b0fff0c019e
02000f250a0efefd019f
02000925090dfef401a0
02001025080cfee401a1
02000e25070bfed601a2
02000225070bfed401a3
01001023080cfee401a4
02001025070bfed401a5
02000525060afecf01a6
02000e25060afec101a7
020006250509febb01a8
020003250509feb801a9
020010250508fea801aa
020010250408fe9801ab
020002250407fe9601ac
020010250307fe8601ad
020003250307fe8301ae
010010230407fe9301af
0562922b0407fe9301af
020000240407fe9301af
010010230408fea301b0
020005250408fe9e01b1
020010250307fe8e01b2
020010250306fe7e01b3
020010250206fe6e01b4
020010250205fe5e01b5
020010250205fe4e01b6
020010250105fe3e01b7
02000b250104fe3301b8
020010250104fe2301b9
020002250104fe2101ba
020010250004fe1101bb
020006240004fe1101bb
02000b240004fe1101bb
02000c240004fe1101bb
02000b240004fe1101bb
020000240004fe1101bb
020004240004fe1101bb
01000a230104fe1b01bc
010001230104fe1c01bd
02000f250004fe0d01be
020010240004fe0d01be
020010240004fe0d01be
020010240004fe0d01be
020010240004fe0d01be
020003240004fe0d01be
010010230104fe1d01bf
020010250004fe0d01c0
020006240004fe0d01c0
020010240004fe0d01c0
020010240004fe0d01c0
020002240004fe0d01c0
02000c240004fe0d01c0
020010240004fe0d01c0
020010240004fe0d01c0
020010240004fe0d01c0
010010230104fe1d01c1
02000a250004fe1301c2
020010240004fe1301c2
020010240004fe1301c2
010006230104fe1901c3
020010250004fe0901c4
020009240004fe0901c4
02000b240004fe0901c4
020004240004fe0901c4
02ffff240004fe0901c4
020010240004fe0901c4
056c6f2b0004fe0901c4
020010240004fe0901c4
020006240004fe0901c4
020010240004fe0901c4
020010240004fe0901c4
010011220004fe0901c4
020010240004fe0901c4
02000b240004fe0901c4
020010240004fe0901c4
020008240004fe0901c4
020010240004fe0901c4
020010240004fe0901c4
02000b240004fe0901c4
010006230004fe0f01c5
010010230104fe1f01c6
020010250004fe0f01c7
020010240004fe0f01c7
020008240004fe0f01c7
020004240004fe0f01c7
020010240004fe0f01c7
02000c240004fe0f01c7
020005240004fe0f01c7
02000f240004fe0f01c7
020008240004fe0f01c7
020010240004fe0f01c7
020010240004fe0f01c7
02000e240004fe0f01c7
020010240004fe0f01c7
010010230104fe1f01c8
020004250104fe1b01c9
052de12b0104fe1b01c9
020010250004fe0b01ca
020010240004fe0b01ca
010010230104fe1b01cb
020006250004fe1501cc
020010240004fe1501cc
02000c240004fe1501cc
020010240004fe1501cc
020010240004fe1501cc
020010240004fe1501cc
020010240004fe1501cc
020010240004fe1501cc
020008240004fe1501cc
010007230104fe1c01cd
020010250004fe0c01ce
02000d240004fe0c01ce
020007240004fe0c01ce
020010240004fe0c01ce
020010240004fe0c01ce
020010240004fe0c01ce
020010240004fe0c01ce
020010240004fe0c01ce
020010240004fe0c01ce
020010240004fe0c01ce
020010240004fe0c01ce
010011220004fe0c01ce
020010240004fe0c01ce
020010240004fe0c01ce
02000a240004fe0c01ce
020006240004fe0c01ce
020010240004fe0c01ce
020010240004fe0c01ce
020010240004fe0c01ce
02000c240004fe0c01ce
020010240004fe0c01ce
02000d240004fe0c01ce
020010240004fe0c01ce
020010240004fe0c01ce
020010240004fe0c01ce
020010240004fe0c01ce
010010230104fe1c01cf
020010250004fe0c01d0
020010240004fe0c01d0
020003240004fe0c01d0
020010240004fe0c01d0
020005240004fe0c01d0
020010240004fe0c01d0
020010240004fe0c01d0
020010240004fe0c01d0
02000b240004fe0c01d0
020006240004fe0c01d0
020010240004fe0c01d0
020010240004fe0c01d0
020010240004fe0c01d0
020010240004fe0c01d0
02000e240004fe0c01d0
020010240004fe0c01d0
020001240004fe0c01d0
020005240004fe0c01d0
010010230104fe1c01d1
02000a250004fe1201d2
020010240004fe1201d2
010007230104fe1901d3
020010250004fe0901d4
010010230104fe1901d5
010009230104fe2201d6
02000d250004fe1501d7
020010240004fe1501d7
020009240004fe1501d7
02000d240004fe1501d7
020009240004fe1501d7
020010240004fe1501d7
020008240004fe1501d7
02000d240004fe1501d7
02000e240004fe1501d7
01000c230104fe2101d8
020010250004fe1101d9
020010240004fe1101d9
010007230104fe1801da
020010250004fe0801db
020010240004fe0801db
01000e230104fe1601dc
010005230104fe1b01dd
010010230104fe2b01de
020010250104fe1b01df
020010250004fe0b01e0
010010230104fe1b01e1
020010250004fe0b01e2
020010240004fe0b01e2
020010240004fe0b01e2
010010230104fe1b01e3
020010250004fe0b01e4
020004240004fe0b01e4
020001240004fe0b01e4
02000e240004fe0b01e4
010009230004fe1401e5
01000d230104fe2101e6
010006230104fe2701e7
02000f250104fe1801e8
020003250004fe1501e9
010001230104fe1601ea
010010230104fe2601eb
020010250104fe1601ec
010010230104fe2601ed
010010230104fe3601ee
020010250104fe2601ef
010010230104fe3601f0
020010250104fe2601f1
02000c250104fe1a01f2
010010230104fe2a01f3
020010250104fe1a01f4
01000c230104fe2601f5
02000d250104fe1901f6
010002230104fe1b01f7
020010250004fe0b01f8
010010230104fe1b01f9
010005230104fe2001fa
010009230104fe2901fb
010002230104fe2b01fc
020010250104fe1b01fd
020010250004fe0b01fe
010002230004fe0d01ff
020008240004fe0d01ff
020008240004fe0d01ff
010007230004fe140200
020004240004fe140200
010006230104fe1a0201
020010250004fe0a0202
010010230104fe1a0203
010000220104fe1a0203
020010250004fe0a0204
020010240004fe0a0204
01ffff220004fe0a0204
010008230004fe120205
020010240004fe120205
020010240004fe120205
010010230104fe220206
020003250104fe1f0207
010010230104fe2f0208
020007250104fe280209
02000d250104fe1b020a
020009250004fe12020b
010004230104fe16020c
020009250004fe0d020d
020009240004fe0d020d
010011220004fe0d020d
010010230104fe1d020e
020010250004fe0d020f
010010230104fe1d0210
010010230104fe2d0211
010010230105fe3d0212
020008250104fe350213
010010230105fe450214
010010230205fe550215
010008230205fe5d0216
020008250205fe550217
020006250205fe4f0218
02000c250105fe430219
010003230105fe46021a
01000c230205fe52021b
010009230205fe5b021c
010010230206fe6b021d
020010250205fe5b021e
010010230206fe6b021f
010010230306fe7b0220
01000a230307fe850221
01000c230407fe910222
010010230408fea10223
020010250407fe910224
020009250307fe880225
02ffff240307fe880225
02000d250306fe7b0226
01000a230307fe850227
020010250306fe750228
020010250206fe650229
010010230306fe75022a
020010250206fe65022b
020010250205fe55022c
010004230205fe59022d
010008230205fe61022e
020001250205fe60022f
010002230206fe620230
010010230306fe720231
020002250206fe700232
020010250205fe600233
010010230206fe700234
010003230306fe730235
010010230307fe830236
010010230407fe930237
020010250307fe830238
010004230307fe870239
020010250306fe77023a
020007250206fe70023b
010010230307fe80023c
01ffff220307fe80023c
010006230307fe86023d
020010250306fe76023e
010010230307fe86023f
020010250306fe760240
010010230307fe860241
010003230307fe890242
01000a230407fe930243
01000c230408fe9f0244
020006250408fe990245
02000a250307fe8f0246
020010250306fe7f0247
020010250206fe6f0248
010000220206fe6f0248
020010250205fe5f0249
010010230206fe6f024a
020010250205fe5f024b
02000c250205fe53024c
010010230206fe63024d
010010230306fe73024e
010010230307fe83024f
02000b250306fe780250
010007230306fe7f0251
010010230307fe8f0252
010010230408fe9f0253
010010230509feaf0254
053e872b0509feaf0254
010010230609febf0255
020010250509feaf0256
020010250408fe9f0257
01000c230508feab0258
020009250408fea20259
010010230509feb2025a
01001023060afec2025b
020004250609febe025c
02000c250509feb2025d
020005250509fead025e
020010250408fe9d025f
010010230509fead0260
020010250408fe9d0261
010005230408fea20262
020007250408fe9b0263
02000b250407fe900264
010010230408fea00265
020010250407fe900266
010005230407fe950267
020010250307fe850268
010010230407fe950269
010010230408fea5026a
010010230509feb5026b
020003250509feb2026c
01001023060afec2026d
01000623060afec8026e
01000f23070bfed7026f
01000123070bfed80270
02001025060afec80271
020010250509feb80272
020010250508fea80273
020010250408fe980274
010010230508fea80275
01000f230509feb70276
01001023060afec70277
01000f23070bfed60278
02001025060afec60279
020010250509feb6027a
02000d250508fea9027b
020010250408fe99027c
010011220408fe99027c
01000b230408fea4027d
050e792b0408fea4027d
01000c230509feb0027e
020005250508feab027f
010010230509febb0280
01001023060afecb0281
02000925060afec20282
020008250509feba0283
01000f23060afec90284
02000125060afec80285
01000d23070bfed50286
05d65c2b070bfed50286
02001025060afec50287
01001023070bfed50288
02000d25060afec80289
02000325060afec5028a
02000125060afec4028b
020010250509feb4028c
020008250508feac028d
020010250408fe9c028e
02000f250307fe8d028f
010002230307fe8f0290
020010250306fe7f0291
020010250206fe6f0292
020005250206fe6a0293
02000b250205fe5f0294
020010250205fe4f0295
020006250105fe490296
020001250105fe480297
01000f230205fe570298
020010250105fe470299
020000240105fe470299
01000f230205fe56029a
020005250205fe51029b
010002230205fe53029c
02ffff240205fe53029c
020010250105fe43029d
02000c250104fe37029e
010010230105fe47029f
020010250104fe3702a0
020009250104fe2e02a1
010010230105fe3e02a2
020010250104fe2e02a3
010010230105fe3e02a4
020010250104fe2e02a5
020010250104fe1e02a6
010010230104fe2e02a7
020005250104fe2902a8
02000e250104fe1b02a9
020003250104fe1802aa
010007230104fe1f02ab
01000f230104fe2e02ac
020010250104fe1e02ad
01000c230104fe2a02ae
020010250104fe1a02af
010008230104fe2202b0
010002230104fe2402b1
020010250004fe1402b2
010010230104fe2402b3
020010250004fe1402b4
020007240004fe1402b4
01000a230104fe1e02b5
010006230104fe2402b6
010010230104fe3402b7
010010230105fe4402b8
020010250104fe3402b9
010003230104fe3702ba
01000c230105fe4302bb
020010250104fe3302bc
030451370000fe3302bc
010001320000fe3302bc
020001340000fe3302bc
030051270104fe3302bc
040000292f3500000000
03000007313300000000
020001053132ffff0001
01000103313300000002
020001053132ffff0003
01000103313300000004
01000103323300010005
02000105313300000006
01000103323300010007
01000103323300020008
02000105323300010009
0100010332330002000a
0100010332340003000b
0100010333340004000c
0100010333350005000d
0200010533340004000e
0200010532340003000f
02000105323300020010
02000105323300010011
01000103323300020012
02000105323300010013
01000103323300020014
01000103323400030015
02ffff04323400030015
02000105323300020016
02000105323300010017
01000103323300020018
01000103323400030019
0200010532330002001a
0100010332340003001b
0100010333340004001c
0100010333350005001d
0100010334350006001e
0100010334350007001f
01000103343600080020
02000105343500070021
02000105343500060022
02000105333500050023
02000105333400040024
01000103333500050025
01000103343500060026
02000105333500050027
01000103343500060028
01000103343500070029
0200010534350006002a
0200010533350005002b
0200010533340004002c
0200010532340003002d
0200010532330002002e
0100010332340003002f
02000105323300020030
02000105323300010031
01000103323300020032
02000105323300010033
01000103323300020034
02000105323300010035
01ffff02323300010035
02000105313300000036
020001053132ffff0037
01000103313300000038
020001053132ffff0039
0100010331330000003a
020001053132ffff003b
0100010331330000003c
020001053132ffff003d
020001053132fffe003e
020001053032fffd003f
010001033132fffe0040
010001033132ffff0041
01000103313300000042
01000103323300010043
02ffff04323300010043
02000105313300000044
020001053132ffff0045
01000103313300000046
01000103323300010047
01000103323300020048
01000103323400030049
0100010333340004004a
0200010532340003004b
0200010532330002004c
0200010532330001004d
0200010531330000004e
020001053132ffff004f
020001053132fffe0050
020001053032fffd0051
010001033132fffe0052
010001033132ffff0053
01000103313300000054
020001053132ffff0055
020001053132fffe0056
010001033132ffff0057
01000103313300000058
01000103323300010059
0200010531330000005a
0100010332330001005b
0100010332330002005c
0200010532330001005d
0100010332330002005e
0200010532330001005f
01000103323300020060
02000105323300010061
02000105313300000062
020001053132ffff0063
020001053132fffe0064
010001033132ffff0065
020001053132fffe0066
010001033132ffff0067
020001053132fffe0068
020001053032fffd0069
010001033132fffe006a
010001033132ffff006b
020001053132fffe006c
010001033132ffff006d
020001053132fffe006e
020001053032fffd006f
010001033132fffe0070
020001053032fffd0071
05dedc0b3032fffd0071
010001033132fffe0072
020001053032fffd0073
010001033132fffe0074
020001053032fffd0075
020001053031fffc0076
010001033032fffd0077
010001033132fffe0078
010001033132ffff0079
020001053132fffe007a
020001053032fffd007b
020001053031fffc007c
010001033032fffd007d
020001053031fffc007e
010001033032fffd007f
010001033132fffe0080
010001033132ffff0081
01000103313300000082
020001053132ffff0083
020001053132fffe0084
010001033132ffff0085
01000103313300000086
020001053132ffff0087
01000103313300000088
020001053132ffff0089
020001053132fffe008a
020001053032fffd008b
020001053031fffc008c
020001052f31fffb008d
020001052f30fffa008e
020001052f30fff9008f
010001032f30fffa0090
020001052f30fff90091
010001032f30fffa0092
010001032f31fffb0093
010001033031fffc0094
020001052f31fffb0095
010001033031fffc0096
010001033032fffd0097
010001033132fffe0098
020001053032fffd0099
020001053031fffc009a
020001052f31fffb009b
010001033031fffc009c
010001033032fffd009d
010001033132fffe009e
020001053032fffd009f
020001053031fffc00a0
010001033032fffd00a1
020001053031fffc00a2
020001052f31fffb00a3
020001052f30fffa00a4
020001052f30fff900a5
010001032f30fffa00a6
020001052f30fff900a7
020001052e30fff800a8
010001032f30fff900a9
020001052e30fff800aa
020001052e2ffff700ab
020001052d2ffff600ac
020001052d2efff500ad
010001032d2ffff600ae
020001052d2efff500af
020001052d2efff400b0
010001032d2efff500b1
010001032d2ffff600b2
010001032e2ffff700b3
020001052d2ffff600b4
010001032e2ffff700b5
020001052d2ffff600b6
020001052d2efff500b7
020001052d2efff400b8
010001032d2efff500b9
010001032d2ffff600ba
010001032e2ffff700bb
020001052d2ffff600bc
020001052d2efff500bd
020001052d2efff400be
020001052c2efff300bf
020001052c2dfff200c0
010001032c2efff300c1
010001032d2efff400c2
010001032d2efff500c3
010001032d2ffff600c4
010001032e2ffff700c5
010001032e30fff800c6
020001052e2ffff700c7
010001032e30fff800c8
010001032f30fff900c9
010000022f30fff900c9
010001032f30fffa00ca
010001032f31fffb00cb
020001052f30fffa00cc
020001052f30fff900cd
020001052e30fff800ce
020001052e2ffff700cf
020001052d2ffff600d0
020001052d2efff500d1
010001032d2ffff600d2
010001032e2ffff700d3
020001052d2ffff600d4
010001032e2ffff700d5
020001052d2ffff600d6
010002022d2ffff600d6
020001052d2efff500d7
010001032d2ffff600d8
010001032e2ffff700d9
020002042e2ffff700d9
010001032e30fff800da
010001032f30fff900db
010001032f30fffa00dc
020001052f30fff900dd
010001032f30fffa00de
010001032f31fffb00df
010001033031fffc00e0
020001052f31fffb00e1
020001052f30fffa00e2
020001052f30fff900e3
020001052e30fff800e4
020001052e2ffff700e5
010001032e30fff800e6
010001032f30fff900e7
010001032f30fffa00e8
020001052f30fff900e9
010001032f30fffa00ea
020001052f30fff900eb
010001032f30fffa00ec
010001032f31fffb00ed
05b5e60b2f31fffb00ed
020001052f30fffa00ee
010001032f31fffb00ef
010001033031fffc00f0
01ffff023031fffc00f0
020001052f31fffb00f1
020001052f30fffa00f2
010001032f31fffb00f3
010001033031fffc00f4
010001033032fffd00f5
010001033132fffe00f6
010001033132ffff00f7
010001033133000000f8
020001053132ffff00f9
010001033133000000fa
010001033233000100fb
010001033233000200fc
010001033234000300fd
010001033334000400fe
010001033335000500ff
01000103343500060100
01000103343500070101
01000103343600080102
01000103353600090103
010001033537000a0104
010001033637000b0105
010001033637000c0106
0501a00b3637000c0106
010001033638000d0107
010001033738000e0108
010001033739000f0109
0100010338390010010a
0100010338390011010b
01000103383a0012010c
0200010538390011010d
01000103383a0012010e
01000103393a0013010f
01000103393a00140110
01000103393b00150111
010001033a3b00160112
010001033a3c00170113
010001033b3c00180114
010001033b3c00190115
01ffff023b3c00190115
010001033b3d001a0116
010001033c3d001b0117
010001033c3d001c0118
010001033c3e001d0119
010001033d3e001e011a
010001033d3f001f011b
010001033e3f0020011c
010001033e3f0021011d
010001033e400022011e
010001033f400023011f
010001033f4000240120
020001053f4000230121
010001033f4000240122
010001033f4100250123
01000103404100260124
01000103404100270125
01000103404200280126
01000103414200290127
010001034143002a0128
02000105414200290129
010001034143002a012a
010001034243002b012b
010001034243002c012c
010001034244002d012d
010001034344002e012e
020001054244002d012f
010001034344002e0130
010001034344002f0131
01000103434500300132
01000103444500310133
01000103444500320134
01000103444600330135
01000103454600340136
01000103454600350137
02000105454600340138
01000103454600350139
0100010345470036013a
0100010346470037013b
0100010346470038013c
0100010346480039013d
010001034748003a013e
010001034748003b013f
010001034749003c0140
020001054748003b0141
010001034749003c0142
010001034849003d0143
010001034849003e0144
010001034849003f0145
020001054849003e0146
010001034849003f0147
01000103484a00400148
01000103494a00410149
01000103494a0042014a
01000103494b0043014b
010001034a4b0044014c
010001034a4b0045014d
010001034a4c0046014e
010001034b4c0047014f
010001034b4c00480150
010001034b4c00490151
010001034b4d004a0152
020001054b4c00490153
010001034b4d004a0154
010001034c4d004b0155
010001034c4d004c0156
010001034c4e004d0157
010001034d4e004e0158
010002024d4e004e0158
010001034d4e004f0159
010001034d4e0050015a
010001034d4f0051015b
010001034e4f0052015c
010001034e4f0053015d
010001034e4f0054015e
01ffff024e4f0054015e
010002024e4f0054015e
010001034e500055015f
010001034f5000560160
010001034f5000570161
010001034f5000580162
010001034f5100590163
010001035051005a0164
010001035051005b0165
010001035051005c0166
020001055051005b0167
010001035051005c0168
010001035052005d0169
010001035152005e016a
010001035152005f016b
0100010351520060016c
0100010351530061016d
0200010551520060016e
020001055152005f016f
01000103515200600170
01ffff02515200600170
01000103515300610171
01000103525300620172
01ffff02525300620172
01000103525300630173
01000103525300640174
01000103525400650175
01000103535400660176
01000103535400670177
01000103535400680178
01000103535400690179
010001035355006a017a
010001035455006b017b
010001035455006c017c
010001035455006d017d
010001035455006e017e
010001035456006f017f
01000103555600700180
01000103555600710181
01000103555600720182
01000103555600730183
01000103555700740184
01000103565700750185
01000103565700760186
01000103565700770187
01000103565700780188
01000103565700790189
010001035658007a018a
010001035758007b018b
010001035758007c018c
010001035758007d018d
020001055758007c018e
010001035758007d018f
010001035758007e0190
020001055758007d0191
020001055758007c0192
010001035758007d0193
010001035758007e0194
010001035758007f0195
020000045758007f0195
01000103575900800196
01000103585900810197
01000103585900820198
01000103585900830199
0100010358590084019a
0100010358590085019b
01000103585a0086019c
01000103595a0087019d
01000103595a0088019e
01000103595a0089019f
02000105595a008801a0
02000105595a008701a1
01000202595a008701a1
01000103595a008801a2
01000103595a008901a3
01000103595a008a01a4
01000103595a008b01a5
01000103595a008c01a6
01000103595b008d01a7
010001035a5b008e01a8
010001035a5b008f01a9
010001035a5b009001aa
010001035a5b009101ab
010001035a5b009201ac
010001035a5b009301ad
010001035a5c009401ae
010001035b5c009501af
010001035b5c009601b0
010001035b5c009701b1
010001035b5c009801b2
010001035b5c009901b3
010001035b5c009a01b4
010001035b5c009b01b5
010001035b5d009c01b6
010001035c5d009d01b7
010001035c5d009e01b8
010001035c5d009f01b9
020001055c5d009e01ba
010001035c5d009f01bb
010001035c5d00a001bc
010001035c5d00a101bd
010001035c5d00a201be
010001035c5d00a301bf
010001035c5d00a401c0
010001035c5d00a501c1
010002025c5d00a501c1
010001035c5e00a601c2
010001035d5e00a701c3
010001035d5e00a801c4
010001035d5e00a901c5
010001035d5e00aa01c6
010001035d5e00ab01c7
010001035d5e00ac01c8
010001035d5e00ad01c9
010001035d5e00ae01ca
010001035d5e00af01cb
020001055d5e00ae01cc
054c2b0b5d5e00ae01cc
010001035d5e00af01cd
010001035d5f00b001ce
010001035e5f00b101cf
010001035e5f00b201d0
020001055e5f00b101d1
010001035e5f00b201d2
020001055e5f00b101d3
010001035e5f00b201d4
020000045e5f00b201d4
010001035e5f00b301d5
010001035e5f00b401d6
010001035e5f00b501d7
010001035e5f00b601d8
010001035e5f00b701d9
010001035e5f00b801da
010001035e5f00b901db
010001035e5f00ba01dc
010001035e5f00bb01dd
010001035e6000bc01de
020001055e5f00bb01df
020001055e5f00ba01e0
020001055e5f00b901e1
020001055e5f00b801e2
020001055e5f00b701e3
020001055e5f00b601e4
020001055e5f00b501e5
020001055e5f00b401e6
020001055e5f00b301e7
010001035e5f00b401e8
020001055e5f00b301e9
020001055e5f00b201ea
020001055e5f00b101eb
020001055d5f00b001ec
020001055d5e00af01ed
020001055d5e00ae01ee
010001035d5e00af01ef
020001055d5e00ae01f0
020001055d5e00ad01f1
020001055d5e00ac01f2
020001055d5e00ab01f3
020001055d5e00aa01f4
020001055d5e00a901f5
020001055d5e00a801f6
020001055d5e00a701f7
020001055c5e00a601f8
020001055c5d00a501f9
020001055c5d00a401fa
020001055c5d00a301fb
010001035c5d00a401fc
020001055c5d00a301fd
020001055c5d00a201fe
020001055c5d00a101ff
020001055c5d00a00200
020000045c5d00a00200
020001055c5d009f0201
020001055c5d009e0202
020001055c5d009d0203
020001055b5d009c0204
020001055b5c009b0205
020001055b5c009a0206
020001055b5c00990207
020001055b5c00980208
020001055b5c00970209
010001035b5c0098020a
020001055b5c0097020b
020001055b5c0096020c
020001055b5c0095020d
020001055a5c0094020e
010001035b5c0095020f
020001055a5c00940210
020001055a5b00930211
020001055a5b00920212
020001055a5b00910213
020001055a5b00900214
020001055a5b008f0215
020001055a5b008e0216
02000105595b008d0217
02000105595a008c0218
02000105595a008b0219
02000105595a008a021a
02000105595a0089021b
02000105595a0088021c
02000105595a0087021d
02000105585a0086021e
0200010558590085021f
0200000458590085021f
01000103585a00860220
02000105585900850221
02000105585900840222
02000105585900830223
02000105585900820224
02000105585900810225
02000105575900800226
020001055758007f0227
020001055758007e0228
020001055758007d0229
020001055758007c022a
020001055758007b022b
020001055658007a022c
010001035758007b022d
010001035758007c022e
020001055758007b022f
020001055658007a0230
02000105565700790231
02000105565700780232
02000105565700770233
02000105565700760234
02000105565700750235
02000105555700740236
02000105555600730237
02000105555600720238
02000105555600710239
057e430b555600710239
0200010555560070023a
020001055456006f023b
0100010355560070023c
020001055456006f023d
020001055455006e023e
020001055455006d023f
020001055455006c0240
010000025455006c0240
020001055455006b0241
020001055355006a0242
02000105535400690243
02000105535400680244
02000105535400670245
01000103535400680246
02000105535400670247
02000105535400660248
02000105525400650249
0200010552530064024a
0200010552530063024b
0200010552530062024c
0200010551530061024d
0200010551520060024e
020001055152005f024f
020001055152005e0250
020001055052005d0251
010001035152005e0252
010001035152005f0253
020001055152005e0254
020001055052005d0255
020001055051005c0256
020001055051005b0257
020001055051005a0258
020001054f5100590259
020001054f500058025a
020001054f500057025b
020001054f500056025c
020001054e500055025d
020001054e4f0054025e
010001034e500055025f
020001054e4f00540260
020001054e4f00530261
020001054e4f00520262
020001054d4f00510263
020001054d4e00500264
020001054d4e004f0265
010001034d4e00500266
020001054d4e004f0267
020001054d4e004e0268
020001054c4e004d0269
020001054c4d004c026a
020001054c4d004b026b
020001054b4d004a026c
020001054b4c0049026d
020001054b4c0048026e
020001054b4c0047026f
020001054a4c00460270
020001054a4b00450271
020001054a4b00440272
02000105494b00430273
02000105494a00420274
01000103494b00430275
02000105494a00420276
02000105494a00410277
02000105484a00400278
020001054849003f0279
020001054849003e027a
020001054849003d027b
020001054749003c027c
020001054748003b027d
020001054748003a027e
0200010546480039027f
02000105464700380280
02000105464700370281
01000103464700380282
02000105464700370283
02000004464700370283
02000105454700360284
02000004454700360284
02000105454600350285
02000105454600340286
02000105444600330287
02000105444500320288
02000105444500310289
0200010543450030028a
020001054344002f028b
020001054344002e028c
020001054244002d028d
020001054243002c028e
020001054243002b028f
010001034243002c0290
020001054243002b0291
020001054143002a0292
0562e30b4143002a0292
02000105414200290293
02000105404200280294
02000105404100270295
02000105404100260296
020001053f4100250297
020001053f4000240298
020001053f4000230299
020001053e400022029a
020002043e400022029a
020001053e3f0021029b
020001053e3f0020029c
020001053d3f001f029d
020001053d3e001e029e
020001053c3e001d029f
020001053c3d001c02a0
020001053c3d001b02a1
020001053b3d001a02a2
020001053b3c001902a3
010001033b3d001a02a4
020001053b3c001902a5
010001033b3d001a02a6
010001033c3d001b02a7
020001053b3d001a02a8
05dbf60b3b3d001a02a8
020001053b3c001902a9
010001033b3d001a02aa
020001053b3c001902ab
010001033b3d001a02ac
020001053b3c001902ad
020001053b3c001802ae
020001053a3c001702af
020001053a3b001602b0
02000105393b001502b1
02000105393a001402b2
01000103393b001502b3
059ca30b393b001502b3
02000105393a001402b4
02000105393a001302b5
01000103393a001402b6
02000105393a001302b7
02000105383a001202b8
020001053839001102b9
020001053839001002ba
020001053739000f02bb
020001053738000e02bc
020001053638000d02bd
020001053637000c02be
020001053637000b02bf
020001053537000a02c0
020001053536000902c1
010001033537000a02c2
020001053536000902c3
020001053436000802c4
020001053435000702c5
020001053435000602c6
010001033435000702c7
020001053435000602c8
020001053335000502c9
02ffff043335000502c9
020001053334000402ca
020001053234000302cb
020001053233000202cc
020001053233000102cd
020001053133000002ce
010001033233000102cf
010001033233000202d0
020001053233000102d1
020001053133000002d2
020001053132ffff02d3
020001053132fffe02d4
010001033132ffff02d5
020001053132fffe02d6
010001033132ffff02d7
010001033133000002d8
020001053132ffff02d9
010001033133000002da
020001053132ffff02db
010001033133000002dc
010001033233000102dd
020001053133000002de
020001053132ffff02df
010001033133000002e0
020001053132ffff02e1
020001053132fffe02e2
020001053032fffd02e3
020001053031fffc02e4
010001033032fffd02e5
0518900b3032fffd02e5
010001033132fffe02e6
010001033132ffff02e7
010001033133000002e8
010001033233000102e9
010001033233000202ea
020001053233000102eb
010001033233000202ec
020001053233000102ed
020001053133000002ee
020001053132ffff02ef
010001033133000002f0
020001053132ffff02f1
010001033133000002f2
020001053132ffff02f3
010001033133000002f4
020001053132ffff02f5
020001053132fffe02f6
020001053032fffd02f7
010000023032fffd02f7
010001033132fffe02f8
020001053032fffd02f9
010001033132fffe02fa
020001053032fffd02fb
020001053031fffc02fc
020001052f31fffb02fd
02ffff042f31fffb02fd
010001033031fffc02fe
020001052f31fffb02ff
010001033031fffc0300
020001052f31fffb0301
020001052f30fffa0302
010001032f31fffb0303
010001033031fffc0304
020001052f31fffb0305
020001052f30fffa0306
020001052f30fff90307
010001032f30fffa0308
020001052f30fff90309
020002042f30fff90309
010001032f30fffa030a
0544980b2f30fffa030a
010001032f31fffb030b
010001033031fffc030c
020001052f31fffb030d
010001033031fffc030e
010001033032fffd030f
020001053031fffc0310
020001052f31fffb0311
020001052f30fffa0312
010001032f31fffb0313
020001052f30fffa0314
020001052f30fff90315
010001032f30fffa0316
010001032f31fffb0317
020001052f30fffa0318
010001032f31fffb0319
010001033031fffc031a
010001033032fffd031b
010001033132fffe031c
020001053032fffd031d
010001033132fffe031e
020001053032fffd031f
020001053031fffc0320
020001052f31fffb0321
020001052f30fffa0322
020001052f30fff90323
020001052e30fff80324
010001032f30fff90325
010001032f30fffa0326
010001032f31fffb0327
010001033031fffc0328
010001033032fffd0329
010001033132fffe032a
010001033132ffff032b
020001053132fffe032c
010001033132ffff032d
020001053132fffe032e
010001033132ffff032f
020001053132fffe0330
010002023132fffe0330
020001053032fffd0331
010001033132fffe0332
02ffff043132fffe0332
020001053032fffd0333
020001053031fffc0334
020001052f31fffb0335
020001052f30fffa0336
020001052f30fff90337
010001032f30fffa0338
010001032f31fffb0339
010001033031fffc033a
010001033032fffd033b
020001053031fffc033c
020001052f31fffb033d
010001033031fffc033e
020001052f31fffb033f
020001052f30fffa0340
010001032f31fffb0341
010001033031fffc0342
010001033032fffd0343
020001053031fffc0344
010001033032fffd0345
01ffff023032fffd0345
020001053031fffc0346
020001052f31fffb0347
010001033031fffc0348
010001033032fffd0349
020001053031fffc034a
020001052f31fffb034b
020001052f30fffa034c
020001052f30fff9034d
020001052e30fff8034e
020001052e2ffff7034f
010001032e30fff80350
020001052e2ffff70351
010001032e30fff80352
010001032f30fff90353
020001052e30fff80354
020001052e2ffff70355
010001032e30fff80356
020001052e2ffff70357
020000042e2ffff70357
020001052d2ffff60358
010001032e2ffff70359
010001032e30fff8035a
010001032f30fff9035b
020001052e30fff8035c
020001052e2ffff7035d
020001052d2ffff6035e
020001052d2efff5035f
020001052d2efff40360
020001052c2efff30361
010001032d2efff40362
010001032d2efff50363
010001032d2ffff60364
020001052d2efff50365
010001032d2ffff60366
010001032e2ffff70367
010001032e30fff80368
020001052e2ffff70369
020001052d2ffff6036a
010001032e2ffff7036b
020001052d2ffff6036c
010001032e2ffff7036d
02ffff042e2ffff7036d
020001052d2ffff6036e
010001032e2ffff7036f
010001032e30fff80370
010001032f30fff90371
010001032f30fffa0372
010001032f31fffb0373
020001052f30fffa0374
010001032f31fffb0375
020001052f30fffa0376
010001032f31fffb0377
010001033031fffc0378
010002023031fffc0378
020001052f31fffb0379
010001033031fffc037a
020001052f31fffb037b
010001033031fffc037c
020001052f31fffb037d
010001033031fffc037e
020001052f31fffb037f
020001052f30fffa0380
020001052f30fff90381
010001032f30fffa0382
020001052f30fff90383
010001032f30fffa0384
010001032f31fffb0385
020001052f30fffa0386
020001052f30fff90387
010001032f30fffa0388
020001052f30fff90389
010001032f30fffa038a
010001032f31fffb038b
020001052f30fffa038c
010001032f31fffb038d
020001052f30fffa038e
010001032f31fffb038f
010001033031fffc0390
020001052f31fffb0391
020001052f30fffa0392
010001032f31fffb0393
020001052f30fffa0394
010001032f31fffb0395
020001052f30fffa0396
010001032f31fffb0397
020001052f30fffa0398
020001052f30fff90399
020001052e30fff8039a
020001052e2ffff7039b
010001032e30fff8039c
020001052e2ffff7039d
020001052d2ffff6039e
020001052d2efff5039f
020001052d2efff403a0
020001052c2efff303a1
020001052c2dfff203a2
020001052b2dfff103a3
020001052b2cfff003a4
010001032b2dfff103a5
020001052b2cfff003a6
020001052b2cffef03a7
020001052a2cffee03a8
010001032b2cffef03a9
010001032b2cfff003aa
010001032b2dfff103ab
010001032c2dfff203ac
020001052b2dfff103ad
020001052b2cfff003ae
010001032b2dfff103af
020001052b2cfff003b0
020000042b2cfff003b0
020001052b2cffef03b1
010001032b2cfff003b2
010001032b2dfff103b3
010001032c2dfff203b4
010001032c2efff303b5
020001052c2dfff203b6
010001032c2efff303b7
010001032d2efff403b8
020001052c2efff303b9
020001052c2dfff203ba
020001052b2dfff103bb
010001032c2dfff203bc
030400170000fff203bc
010001120000fff203bc
020001140000fff203bc
030000072c2dfff203bc
04000009313300000000
0300d807224200000000
01002403304d00240001
020040051937ffe40002
01004003304d00240003
010028033f58004c0004
010040035161008c0005
010040035a0000cc0006
010040025a0000cc0006
010012025a0000cc0006
020040055161008c0007
020040053f58004c0008
010040035161008c0009
010040035a0000cc000a
010025025a0000cc000a
02001905570000b3000b
01001802570000b3000b
020040054b5e0073000c
0200400536520033000d
02001005304d0023000e
01004003465c0063000f
01002e03526100910010
02002b05475c00660011
01002f03526200950012
010040035b0000d50013
020041045b0000d50013
010040025b0000d50013
02001505590000c00014
020040054e6000800015
020040053b5500400016
010040034e6000800017
01002a03566300aa0018
010032035b0000dc0019
01000a025b0000dc0019
02000f055a0000cd001a
020040055161008d001b
020040053f58004d001c
010040035161008d001d
01001d03566300aa001e
02000405556300a6001f
010040035c0000e60020
010029025c0000e60020
010018025c0000e60020
01001f025c0000e60020
010040025c0000e60020
02004005556300a60021
01000703566300ad0022
02004005495d006d0023
020020053f58004d0024
010040035161008d0025
020006054f6000870026
020040053d5600470027
02002a052d4b001d0028
020000042d4b001d0028
01003803425900550029
02000c053e570049002a
02003b052846000e002b
0100040329480012002c
02001b051f3efff7002d
020040050d26ffb7002e
01000a030f2affc1002f
01004003234200010030
010040033b5500410031
01002703485d00680032
01004003566300a80033
010031035b0000d90034
010025025b0000d90034
02001e05580000bb0035
02001f055462009c0036
010040035b0000dc0037
01002c025b0000dc0037
02ffff045b0000dc0037
010025025b0000dc0037
020009055b0000d30038
01003b025b0000d30038
010040025b0000d30038
010040025b0000d30038
010040025b0000d30038
010040025b0000d30038
010041025b0000d30038
010033025b0000d30038
01000b025b0000d30038
010040025b0000d30038
02001505580000be0039
020040054d5f007e003a
01004003580000be003b
020021055462009d003c
02ffff045462009d003c
01001103560000ae003d
01004002560000ae003d
01002d02560000ae003d
0200150553620099003e
02003805465b0061003f
020040052f4d00210040
020040051836ffe10041
02004005091fffa10042
010040031836ffe10043
02004005091fffa10044
02003b050211ff660045
05d4930b0211ff660045
010040030a21ffa60046
01002703122effcd0047
010017031937ffe40048
010004031a39ffe80049
01004003324f0028004a
02001f0526450009004b
010040033e570049004c
01003b034f600084004d
01003203570000b6004e
020040054b5e0076004f
01004003570000b60050
01001002570000b60050
01001002570000b60050
020040054b5e00760051
02000a05495d006c0052
020024053d5700480053
020007053b5500410054
02004005234200010055
020016051b3affeb0056
010004031d3bffef0057
010040033451002f0058
010040034a5e006f0059
0100240352620093005a
010040035b0000d3005b
010041025b0000d3005b
01003a025b0000d3005b
02001305590000c0005c
02000305580000bd005d
01004002580000bd005d
01002302580000bd005d
01001902580000bd005d
01004002580000bd005d
01004002580000bd005d
01002e02580000bd005d
01001102580000bd005d
02000405580000b9005e
01003502580000b9005e
02002b055161008e005f
02003005455b005e0060
02001f053a55003f0061
010040034e60007f0062
02001605485d00690063
01004003566300a90064
010040035c0000e90065
01002f025c0000e90065
01001e025c0000e90065
020006055c0000e30066
02004005556300a30067
02004005465c00630068
010038035362009b0069
01001b03570000b6006a
01000102570000b6006a
01004002570000b6006a
020040054b5e0076006b
01004003570000b6006c
02ffff04570000b6006c
020040054b5e0076006d
01004003570000b6006e
020040054b5e0076006f
02004005375200360070
010040034b5e00760071
02002d053e5700490072
01004003506100890073
020040053e5700490074
01002203485d006b0075
020026053c5600450076
02004005244300050077
01000002244300050077
010015032c4a001a0078
020040051633ffda0079
02003805091fffa2007a
02004104091fffa2007a
01003e031835ffe0007b
020001051735ffdf007c
02004005091eff9f007d
010016030d26ffb5007e
010030031937ffe5007f
01003f03304d00240080
01004003465c00640081
01004003556300a40082
020019055061008b0083
010040035a0000cb0084
01003b025a0000cb0084
010040025a0000cb0084
010040025a0000cb0084
010005025a0000cb0084
010021025a0000cb0084
010034025a0000cb0084
020040055061008b0085
020040053e57004b0086
010040035061008b0087
02003905415900520088
020034052e4c001e0089
0100120335510030008a
020040051d3cfff0008b
02002d05102bffc3008c
0100400324430003008d
02004005102bffc3008e
020040050517ff83008f
01004003102bffc30090
02002905081dff9a0091
02004005010fff5a0092
010031030619ff8b0093
01004003122effcb0094
010007031430ffd20095
01003a032746000c0096
01001903304e00250097
01002a034058004f0098
020040052847000f0099
010007032b490016009a
010000022b490016009a
020040051532ffd6009b
010040032b490016009c
020040051532ffd6009d
02001405102affc2009e
020040050517ff82009f
02004005000cff4200a0
02000004000cff4200a0
02002804000cff4200a0
02004004000cff4200a0
010031030313ff7300a1
02004005000aff3300a2
02003704000aff3300a2
01000103000aff3400a3
01001403000cff4800a4
02000904000cff4800a4
01003d030517ff8500a5
01001703081eff9c00a6
02004005010fff5c00a7
02ffff04010fff5c00a7
01004003081eff9c00a8
020016050518ff8600a9
055d3d0b0518ff8600a9
01002e030c25ffb400aa
020040050313ff7400ab
020009050212ff6b00ac
020040050009ff2b00ad
010040030212ff6b00ae
020040050009ff2b00af
020003040009ff2b00af
02003d040009ff2b00af
010040030212ff6b00b0
020040050009ff2b00b1
02000a040009ff2b00b1
010040030212ff6b00b2
01001f030619ff8a00b3
01004003122dffca00b4
0514e30b122dffca00b4
020040050619ff8a00b5
020003050518ff8700b6
01000f03071cff9600b7
02004005010eff5600b8
010022030314ff7800b9
010013030619ff8b00ba
01004003122effcb00bb
010040032745000b00bc
010007032948001200bd
010040034159005200be
01001503475c006700bf
01004003556300a700c0
010040035c0000e700c1
020041045c0000e700c1
010040025c0000e700c1
010040025c0000e700c1
010040025c0000e700c1
05d1470b5c0000e700c1
010040025c0000e700c1
01001a025c0000e700c1
010039025c0000e700c1
010026025c0000e700c1
010025025c0000e700c1
010040025c0000e700c1
02003605570000b100c2
01004002570000b100c2
01004002570000b100c2
01000602570000b100c2
01001702570000b100c2
01004002570000b100c2
020040054a5e007100c3
010021035261009200c4
020040054159005200c5
010020034a5e007200c6
02002a053d57004800c7
01002c034b5e007400c8
010019035161008d00c9
010040035a0000cd00ca
010021025a0000cd00ca
010040025a0000cd00ca
01003f025a0000cd00ca
010026025a0000cd00ca
010037025a0000cd00ca
010040025a0000cd00ca
010040025a0000cd00ca
02002405566300a900cb
010040035c0000e900cc
010038025c0000e900cc
02004005566300a900cd
010040035c0000e900ce
01003e025c0000e900ce
01001c025c0000e900ce
01002e025c0000e900ce
010040025c0000e900ce
02002405590000c500cf
01002a02590000c500cf
01001902590000c500cf
020031055262009400d0
010040035b0000d400d1
010040025b0000d400d1
010040025b0000d400d1
010040025b0000d400d1
01003a025b0000d400d1
01ffff025b0000d400d1
010011025b0000d400d1
010040025b0000d400d1
010040025b0000d400d1
010040025b0000d400d1
02001505590000bf00d2
01000f02590000bf00d2
01003b02590000bf00d2
01004002590000bf00d2
01002902590000bf00d2
01004002590000bf00d2
01004002590000bf00d2
01001802590000bf00d2
01001f02590000bf00d2
01004002590000bf00d2
01004002590000bf00d2
01001c02590000bf00d2
01004002590000bf00d2
01004002590000bf00d2
01004002590000bf00d2
01001d02590000bf00d2
01004002590000bf00d2
01003702590000bf00d2
01004002590000bf00d2
01004002590000bf00d2
01003b02590000bf00d2
01002a02590000bf00d2
01004002590000bf00d2
01000802590000bf00d2
01002402590000bf00d2
01003302590000bf00d2
01004002590000bf00d2
01002702590000bf00d2
01004002590000bf00d2
020040054e60007f00d3
01002703556300a600d4
010040035c0000e600d5
010040025c0000e600d5
010029025c0000e600d5
010040025c0000e600d5
010040025c0000e600d5
010040025c0000e600d5
02002705590000bf00d6
01004002590000bf00d6
01004002590000bf00d6
01003f02590000bf00d6
01004002590000bf00d6
01000a02590000bf00d6
020040054e60007f00d7
01002103546300a000d8
010040035c0000e000d9
010009025c0000e000d9
01002a025c0000e000d9
010040025c0000e000d9
010040025c0000e000d9
010019025c0000e000d9
010006025c0000e000d9
010040025c0000e000d9
010040025c0000e000d9
010016025c0000e000d9
020041045c0000e000d9
010040025c0000e000d9
010040025c0000e000d9
010040025c0000e000d9
010040025c0000e000d9
01000b025c0000e000d9
010040025c0000e000d9
010040025c0000e000d9
051a8d0b5c0000e000d9
010031025c0000e000d9
010040025c0000e000d9
01003a025c0000e000d9
010004025c0000e000d9
010040025c0000e000d9
01003f025c0000e000d9
010016025c0000e000d9
010040025c0000e000d9
010040025c0000e000d9
01002b025c0000e000d9
01001e025c0000e000d9
02002205580000be00da
01000d02580000be00da
02001b05556300a300db
01003f035c0000e200dc
010040025c0000e200dc
01000a025c0000e200dc
02ffff045c0000e200dc
010022025c0000e200dc
02004005556300a200dd
010040035c0000e200de
01003d025c0000e200de
010006025c0000e200de
010005025c0000e200de
010020025c0000e200de
01001c025c0000e200de
010018025c0000e200de
01001e025c0000e200de
010040025c0000e200de
02003f05556300a300df
010040035c0000e300e0
01000b025c0000e300e0
010040025c0000e300e0
010040025c0000e300e0
010004025c0000e300e0
010040025c0000e300e0
010003025c0000e300e0
010040025c0000e300e0
01002d025c0000e300e0
010040025c0000e300e0
010040025c0000e300e0
010040025c0000e300e0
010040025c0000e300e0
01003b025c0000e300e0
02004005556300a300e1
01001603580000b900e2
01001d02580000b900e2
01002c02580000b900e2
02000004580000b900e2
01004002580000b900e2
01004002580000b900e2
01000702580000b900e2
01004002580000b900e2
01004002580000b900e2
01002c02580000b900e2
01004002580000b900e2
01001c02580000b900e2
020040054c5f007900e3
01004003580000b900e4
01004002580000b900e4
01001702580000b900e4
01003e02580000b900e4
01002f02580000b900e4
01001802580000b900e4
01004002580000b900e4
01002d02580000b900e4
01004002580000b900e4
01004002580000b900e4
01000302580000b900e4
01002d02580000b900e4
01004002580000b900e4
01001e02580000b900e4
01001f02580000b900e4
01003f02580000b900e4
020040054c5f007900e5
01004003580000b900e6
01004102580000b900e6
01004002580000b900e6
01002802580000b900e6
01000a02580000b900e6
01003402580000b900e6
01003902580000b900e6
01003c02580000b900e6
01000a02580000b900e6
01001d02580000b900e6
02000004580000b900e6
01004002580000b900e6
01004002580000b900e6
01004002580000b900e6
01001602580000b900e6
01002d02580000b900e6
01004002580000b900e6
01002102580000b900e6
01003002580000b900e6
01003b02580000b900e6
01003e02580000b900e6
01004002580000b900e6
01000202580000b900e6
01004002580000b900e6
020040054c5f007900e7
01004003580000b900e8
020040054c5f007900e9
01002c03556300a500ea
01001303580000b800eb
01004002580000b800eb
01004002580000b800eb
01004002580000b800eb
01004002580000b800eb
01000102580000b800eb
01004002580000b800eb
01003f02580000b800eb
01000402580000b800eb
01000402580000b800eb
01004002580000b800eb
01003502580000b800eb
01002b02580000b800eb
01004002580000b800eb
01004002580000b800eb
01004002580000b800eb
01001702580000b800eb
01004002580000b800eb
01001b02580000b800eb
01004002580000b800eb
020020055362009800ec
02003505465c006300ed
02002c053753003700ee
020040051f3efff700ef
020012051937ffe500f0
02003c050a22ffa900f1
02002c050415ff7d00f2
010041020415ff7d00f2
01002103081eff9e00f3
02004005010fff5e00f4
020040050008ff1e00f5
020018040008ff1e00f5
020040040008ff1e00f5
020005040008ff1e00f5
020040040008ff1e00f5
020040040008ff1e00f5
020040040008ff1e00f5
01000d030009ff2b00f6
020040040009ff2b00f6
010040030212ff6b00f7
02003405000aff3700f8
02000f04000aff3700f8
02000504000aff3700f8
02003004000aff3700f8
02003604000aff3700f8
01000103000aff3800f9
02004004000aff3800f9
02003e04000aff3800f9
02003804000aff3800f9
02004004000aff3800f9
02004004000aff3800f9
02003f04000aff3800f9
02001c04000aff3800f9
02004004000aff3800f9
02000c04000aff3800f9
02004004000aff3800f9
02004004000aff3800f9
02002b04000aff3800f9
01000e03000cff4600fa
02001604000cff4600fa
02004004000cff4600fa
02004004000cff4600fa
02003204000cff4600fa
02004004000cff4600fa
02004004000cff4600fa
02000b04000cff4600fa
02004004000cff4600fa
02001304000cff4600fa
02001404000cff4600fa
02003504000cff4600fa
02002704000cff4600fa
02004004000cff4600fa
02001804000cff4600fa
02004004000cff4600fa
02002e04000cff4600fa
02004004000cff4600fa
02001d04000cff4600fa
01002b030313ff7100fb
02001805010fff5900fc
010012030212ff6b00fd
020040050009ff2b00fe
02001c040009ff2b00fe
020031040009ff2b00fe
02002b040009ff2b00fe
020029040009ff2b00fe
020017040009ff2b00fe
020010040009ff2b00fe
020040040009ff2b00fe
020041040009ff2b00fe
020040040009ff2b00fe
020010040009ff2b00fe
020040040009ff2b00fe
020040040009ff2b00fe
02002f040009ff2b00fe
020040040009ff2b00fe
010040030212ff6b00ff
020040050009ff2b0100
020040040009ff2b0100
020015040009ff2b0100
020023040009ff2b0100
020040040009ff2b0100
020040040009ff2b0100
020000040009ff2b0100
020001040009ff2b0100
020040040009ff2b0100
02003f040009ff2b0100
020009040009ff2b0100
02002d040009ff2b0100
020040040009ff2b0100
01002603000dff510101
02000d04000dff510101
02004004000dff510101
02ffff04000dff510101
02001704000dff510101
01004003061aff910102
02000305061aff8e0103
02004005000dff4e0104
02004004000dff4e0104
02001f04000dff4e0104
02002e04000dff4e0104
01ffff02000dff4e0104
02004004000dff4e0104
02004004000dff4e0104
02004004000dff4e0104
02004004000dff4e0104
02004004000dff4e0104
02003504000dff4e0104
02000004000dff4e0104
02000604000dff4e0104
02001604000dff4e0104
02000704000dff4e0104
02002204000dff4e0104
02004004000dff4e0104
02000304000dff4e0104
02001304000dff4e0104
01001a030211ff680105
020040050009ff280106
020040040009ff280106
020033040009ff280106
020028040009ff280106
020040040009ff280106
020010040009ff280106
020015040009ff280106
020009040009ff280106
020040040009ff280106
020040040009ff280106
01002003000cff480107
02004004000cff480107
02002904000cff480107
02004004000cff480107
02000404000cff480107
02004004000cff480107
02001c04000cff480107
02003704000cff480107
02003a04000cff480107
02004004000cff480107
02ffff04000cff480107
02004004000cff480107
01000c03010eff540108
020040050008ff140109
020007040008ff140109
020040040008ff140109
020024040008ff140109
05c6430b0008ff140109
020011040008ff140109
020040040008ff140109
020037040008ff140109
020040040008ff140109
058f1f0b0008ff140109
020010040008ff140109
020040040008ff140109
02000f040008ff140109
020040040008ff140109
020012040008ff140109
020040040008ff140109
020040040008ff140109
020040040008ff140109
020037040008ff140109
020040040008ff140109
020040040008ff140109
020040040008ff140109
020009040008ff140109
020027040008ff140109
01004003010eff54010a
020040050008ff14010b
01004003010eff54010c
01003c03061aff90010d
02004005000dff50010e
02000504000dff50010e
01000002000dff50010e
02004004000dff50010e
02000a04000dff50010e
02003204000dff50010e
02002f04000dff50010e
02004004000dff50010e
02004004000dff50010e
02000904000dff50010e
02003c04000dff50010e
02004004000dff50010e
02004004000dff50010e
02001104000dff50010e
02004004000dff50010e
02004004000dff50010e
02000604000dff50010e
02004004000dff50010e
02002504000dff50010e
02002104000dff50010e
02004004000dff50010e
02001104000dff50010e
02004004000dff50010e
02001904000dff50010e
02004004000dff50010e
02004004000dff50010e
02001604000dff50010e
010014030210ff64010f
020040050009ff240110
020011040009ff240110
020011040009ff240110
020040040009ff240110
020040040009ff240110
020040040009ff240110
020022040009ff240110
020025040009ff240110
020036040009ff240110
010040030210ff640111
02002005000cff440112
02004004000cff440112
02002704000cff440112
01000d03000dff510113
02000b04000dff510113
02004004000dff510113
02004004000dff510113
02001904000dff510113
02004004000dff510113
02002b04000dff510113
02003904000dff510113
02004004000dff510113
02000604000dff510113
02004004000dff510113
01000002000dff510113
02004004000dff510113
02000904000dff510113
01004102000dff510113
0503b00b000dff510113
01002b030415ff7c0114
02004005000bff3c0115
02004004000bff3c0115
010040030415ff7c0116
02004005000bff3c0117
02004004000bff3c0117
02001704000bff3c0117
010040030415ff7c0118
02004005000bff3c0119
02004004000bff3c0119
02004004000bff3c0119
02000d04000bff3c0119
01002a030211ff66011a
020040050009ff26011b
01002503000dff4b011c
02002304000dff4b011c
02001b04000dff4b011c
02004004000dff4b011c
02ffff04000dff4b011c
02004004000dff4b011c
02004004000dff4b011c
02004004000dff4b011c
02004004000dff4b011c
02004004000dff4b011c
02001904000dff4b011c
02001704000dff4b011c
010040030619ff8b011d
010018030920ffa3011e
020039050212ff6a011f
020040050009ff2a0120
020007040009ff2a0120
020040040009ff2a0120
010040030212ff6a0121
010021030619ff8b0122
020008050517ff830123
01004003102bffc30124
01004003244300030125
010040033c5600430126
010040034f6000830127
02003d053d5600460128
02004005254400060129
0200060522420000012a
0100020323420002012b
010040033b550042012c
020014053450002e012d
0100260341590054012e
0100400352620094012f
01002903580000bd0130
01004002580000bd0130
020040054d5f007d0131
01003f03580000bc0132
02000405580000b80133
01002802580000b80133
02004104580000b80133
01001802580000b80133
020036054e6000820134
01004003590000c20135
020040054e6000820136
01001b035462009d0137
01001c03580000b90138
01001702580000b90138
02000a05570000af0139
01002202570000af0139
01004002570000af0139
01002202570000af0139
020040054a5e006f013a
020040053451002f013b
020003053350002c013c
01000e033853003a013d
010012033f58004c013e
010040035161008c013f
010040035a0000cc0140
020040055161008c0141
020040053f58004c0142
02000c053b5500400143
010040034e6000800144
010002034e6000820145
020040053b5500420146
010040034e6000820147
01004003590000c20148
01003002590000c20148
020040054e6000820149
02003d053c560045014a
0200350528470010014b
020038051532ffd8014c
010009031836ffe1014d
01001e032241ffff014e
020040050f29ffbf014f
020040050416ff7f0150
01001403071bff930151
010015030a21ffa80152
020040050211ff680153
020040050009ff280154
020014040009ff280154
020040040009ff280154
010040030211ff680155
010011030415ff790156
02003305000cff460157
010040030518ff860158
01000e03071bff940159
010040031431ffd4015a
010040032a480014015b
0100400341590054015c
0100400352620094015d
010040035b0000d4015e
0200400552620094015f
010040035b0000d40160
02003b05536200990161
02004005435a00590162
020014053c5600450163
02004005244300050164
010028033350002d0165
01004003495d006d0166
01004003566300ad0167
020035054c5f00780168
02004005385300380169
01002b03465c0063016a
02003e05304e0025016b
01004003475c0065016c
01004003556300a5016d
02004005475c0065016e
010010034b5e0075016f
02004005365200350170
02001d052b4a00180171
010007032e4c001f0172
01003703425900560173
020040052b4900160174
05c0bd0b2b4900160174
020040051532ffd60175
02003b05081dff9b0176
01000002081dff9b0176
01003e031633ffd90177
02002a050b24ffaf0178
020040050312ff6f0179
010019030518ff88017a
010038030f29ffc0017b
02002905071cff97017c
020023050313ff74017d
02004005000aff34017e
01001603000dff4a017f
010040030619ff8a0180
02000f050415ff7b0181
02003005000dff4b0182
02004004000dff4b0182
01000b03010eff560183
02001105000cff450184
010020030211ff650185
020040050009ff250186
020040040009ff250186
020040040009ff250186
010040030211ff650187
01003303071cff980188
010019030c24ffb10189
010025031532ffd6018a
010040032b490016018b
0100400342590056018c
020040052b490016018d
0100400342590056018e
01001403485d006a018f
01003b03556300a50190
02ffff04556300a50190
02004005475c00650191
02003205365200330192
010040034b5e00730193
01004003570000b30194
02002a05506100890195
02003005435a00590196
02003105324f00280197
01004003485d00680198
02001b053f58004d0199
020040052746000d019a
010040033f58004d019b
020040052746000d019c
02004005122effcd019d
01000a031532ffd7019e
01000f031a38ffe6019f
01004003314e002601a0
01004003475c006601a1
02000004475c006601a1
020029053954003d01a2
020029052a48001401a3
010040034159005401a4
020040052a48001401a5
010001032a49001501a6
02003b051633ffda01a7
010040032c4a001a01a8
010024033a54003e01a9
020040052241fffe01aa
020040050f29ffbe01ab
020008050d26ffb601ac
020040050314ff7601ad
02003c05000bff3a01ae
010040030415ff7a01af
020012050211ff6801b0
010040030a21ffa801b1
010040031a39ffe801b2
020040050a21ffa801b3
010040031a39ffe801b4
010038032f4c002001b5
01004003455b006001b6
020040052f4c002001b7
01004003455b006001b8
02ffff04455b006001b8
01004003546300a001b9
010040035c0000e001ba
02004005546300a001bb
01002d035a0000cd01bc
02003a055262009301bd
020009055061008a01be
020040053e57004a01bf
020037052a48001301c0
020000042a48001301c0
020011052342000201c1
02004005102affc201c2
01003b032140fffd01c3
010013032847001001c4
020031051735ffdf01c5
010040032e4c001f01c6
020040051735ffdf01c7
02004005091eff9f01c8
020040050110ff5f01c9
01004003091eff9f01ca
020040050110ff5f01cb
01004003091eff9f01cc
02002c050313ff7301cd
010006030415ff7901ce
010040030e27ffb901cf
01000903102affc201d0
010040032342000201d1
01002d033451002f01d2
01001f033f58004e01d3
01000903425a005701d4
010040035362009701d5
010040035b0000d701d6
010040025b0000d701d6
010030025b0000d701d6
01002b025b0000d701d6
010040025b0000d701d6
010040025b0000d701d6
01003e025b0000d701d6
020040055362009701d7
01002f03590000c601d8
02000c05580000ba01d9
020040054c5f007a01da
01004003580000ba01db
01000a02580000ba01db
01004002580000ba01db
02001a05546300a001dc
010040035c0000e001dd
010040025c0000e001dd
010040025c0000e001dd
02000e055a0000d201de
020040055261009201df
020010054e60008201e0
02001c05475c006601e1
02004005314e002601e2
02003d051b39ffe901e3
01004003324f002901e4
01004003485d006901e5
02004005324f002901e6
020033051f3efff601e7
020040050d26ffb601e8
010040031f3efff601e9
010021032b49001701ea
020040051532ffd701eb
02004005071cff9701ec
01000703081eff9e01ed
010005030920ffa301ee
010040031937ffe301ef
020040050920ffa301f0
010040031937ffe301f1
01004003304d002301f2
01004003465c006301f3
02004005304d002301f4
01003703435a005a01f5
0304d8170000005a01f5
010001120000005a01f5
020001140000005a01f5
0300d807435a005a01f5
04000009224200000000
03002247253f00000000
010100433e5201000001
02008f45304800710002
020100451a31ff710003
0100e0432d4600510004
01010043455601510005
02007a453a4f00d70006
010100434e5b01d70007
010002434e5c01d90008
020100453a4f00d90009
02010045223bffd9000a
02003b451d35ff9e000b
0100f243334a0090000c
020100451c34ff90000d
01010043334a0090000e
0200c7452139ffc9000f
01010043384e00c90010
010100434d5b01c90011
010100435a6102c90012
02001945596002b00013
01003a435b6102ea0014
02010045505c01ea0015
020100453c5100ea0016
010000423c5100ea0016
01010043505c01ea0017
01001443515d01fe0018
0100b543596002b30019
010100435f6303b3001a
02010045596002b3001b
010100435f6303b3001c
05218c4b5f6303b3001c
020101445f6303b3001c
020026455f63038d001d
0200ba455a6102d3001e
0576ca4b5a6102d3001e
02005e45575f0275001f
02010045475801750020
0100d143555e02460021
02010045445601460022
020100452c4500460023
01010043445601460024
020060453b5000e60025
0200c145294200250026
020079451e37ffac0027
02008d451429ff1f0028
02009c450c1cfe830029
020039450a18fe4a002a
02005f450712fdeb002b
020100450208fceb002c
010100430712fdeb002d
010100431125feeb002e
01000e431226fef9002f
01003e43162cff370030
01010142162cff370030
020033451227ff040031
020100450713fe040032
02004845060ffdbc0033
02006845040bfd540034
010098430712fdec0035
010064430a18fe500036
02010045040bfd500037
020100450105fc500038
01009e430208fcee0039
010100430712fdee003a
02006f45040dfd7f003b
01004f430610fdce003c
010100430f22fece003d
010045431328ff13003e
0101004327400013003f
010100433f5301130040
020015453d5200fe0041
010013433f5301110042
02010045274000110043
020100451328ff110044
020014451226fefd0045
020094450b1afe690046
010100431930ff690047
010007431a31ff700048
01010043304800700049
0101004347580170004a
01010043575f0270004b
0100ed435e62035d004c
0200a0455a6102bd004d
01010043606303bd004e
02004d455e630370004f
01007243606303e20050
01010043620004e20051
01010042620004e20051
0200a3456100043f0052
010100426100043f0052
0100b5426100043f0052
020100455d62033f0053
0100ca43616304090054
01009c43620004a50055
020100455f6303a50056
02010045596002a50057
010080435d6203250058
02010045535e02250059
0201004541540125005a
0201004529420025005b
0100ea433f53010f005c
0100c3434e5b01d2005d
01009d43575f026f005e
0200a0454e5b01cf005f
02010045394f00cf0060
010100434e5b01cf0061
02010045394f00cf0062
010041433f5301100063
0200bb452d4600550064
02010045182eff550065
020046451328ff0f0066
01003a43172dff490067
0200ed450a19fe5c0068
0200a645050ffdb60069
010100430e20feb6006a
0100e6431d35ff9c006b
02006445162cff38006c
0200a0450d1efe98006d
02002f450b1afe69006e
02010045040cfd69006f
054b554b040cfd69006f
0100c2430916fe2b0070
020055450611fdd60071
010100431023fed60072
01010043223bffd60073
020100451023fed60074
01005043142aff260075
01010043294200260076
0200cb45182fff5b0077
010100432e46005b0078
02010045182fff5b0079
02003445152aff27007a
01002543172eff4c007b
01008243213affce007c
020100450f22fece007d
01009b431930ff69007e
0100f3432e46005c007f
010084433b5000e00080
02010045233cffe00081
020069451a32ff770082
020080451226fef70083
02009e450a19fe590084
01010043182fff590085
020100450a19fe590086
02010045040bfd590087
010100430a19fe590088
02010045040bfd590089
010100430a19fe59008a
02010045040bfd59008b
020100450105fc59008c
020100450002fb59008d
010100430105fc59008e
01010043040bfd59008f
010100430a19fe590090
05f5d44b0a19fe590090
0100e543162cff3e0091
0200fa450917fe440092
0200c645040dfd7e0093
0100af430916fe2d0094
02010045030afd2d0095
01003e43040cfd6b0096
020100450105fc6b0097
020100450002fb6b0098
0200da440002fb6b0098
020100440002fb6b0098
020100440002fb6b0098
010100430105fc6b0099
0100a4430309fd0f009a
0200dc450104fc33009b
0200bf450002fb74009c
0100cf430104fc43009d
020100450002fb43009e
010100430104fc43009f
0100ce430309fd1100a0
02007f450206fc9200a1
01010043050efd9200a2
010100430d1dfe9200a3
010100431c34ff9200a4
020100450d1dfe9200a5
0100c043172eff5200a6
020100450a18fe5200a7
0100a1431125fef300a8
0200a6450a18fe4d00a9
01009f431125feec00aa
01010043243dffec00ab
010100433c5100ec00ac
02010045243dffec00ad
010100433c5100ec00ae
02010045243dffec00af
01010142243dffec00af
0200c145152aff2b00b0
01002543172eff5000b1
0200ab450d1ffea500b2
0503244b0d1ffea500b2
0200ab450713fdfa00b3
020100450208fcfa00b4
0100ae43050ffda800b5
010100430e1ffea800b6
010065431328ff0d00b7
0100a9431f38ffb600b8
0100d643334a008c00b9
02004b452c44004100ba
02010045162dff4100bb
0100ed432a43002e00bc
02010045152bff2e00bd
010100432a43002e00be
02007e451f37ffb000bf
020100450e20feb000c0
010044431125fef400c1
02ffff441125fef400c1
020100450712fdf400c2
02009145040cfd6300c3
01000042040cfd6300c3
0100f6430a19fe5900c4
02010045040bfd5900c5
020100450105fc5900c6
0200ad450003fbac00c7
020100440003fbac00c7
0100a1430105fc4d00c8
01010043040bfd4d00c9
01001a43040cfd6700ca
010100430b1afe6700cb
020013450a19fe5400cc
01000d430b19fe6100cd
010100431830ff6100ce
010100432f47006100cf
0100fc434557015d00d0
01010043565f025d00d1
01000943565f026600d2
010080435b6102e600d3
01010043606303e600d4
02001045606303d600d5
02004e455f63038800d6
010100436200048800d7
020100455f63038800d8
0100b5436100043d00d9
0100fb426100043d00d9
020100455d62033d00da
02010045545e023d00db
020100454355013d00dc
01010043545e023d00dd
010100435d62033d00de
05c2054b5d62033d00de
010100436100043d00df
0100c3426100043d00df
010100426100043d00df
010092426100043d00df
01000f426100043d00df
010100426100043d00df
020100455d62033d00e0
02008745596002b600e1
010100435f6303b600e2
01010043620004b600e3
0100be42620004b600e3
020100455f6303b600e4
010057436163040d00e5
01003d436100044a00e6
010100426100044a00e6
010025426100044a00e6
010100426100044a00e6
0100ff426100044a00e6
020100455e62034a00e7
010023435e62036d00e8
010100436100046d00e9
020100455e62036d00ea
010098436163040500eb
010100436200050500ec
01001e426200050500ec
010100426200050500ec
010100426200050500ec
010100426200050500ec
010051426200050500ec
0100b1426200050500ec
020100456163040500ed
020100455c62030500ee
02002f455a6102d600ef
010000425a6102d600ef
01010043606303d600f0
01010043620004d600f1
01006d42620004d600f1
0100ce42620004d600f1
01010042620004d600f1
0100b642620004d600f1
01010042620004d600f1
01010042620004d600f1
01007042620004d600f1
01010042620004d600f1
01010042620004d600f1
0100ef42620004d600f1
01010042620004d600f1
01010042620004d600f1
01001642620004d600f1
0100d742620004d600f1
01009042620004d600f1
0100bf42620004d600f1
0100f142620004d600f1
02010144620004d600f1
01005742620004d600f1
01010042620004d600f1
0200d2456163040400f2
010100436200050400f3
0100dc426200050400f3
010100426200050400f3
010001426200050400f3
0100ab426200050400f3
010100426200050400f3
010024426200050400f3
010100426200050400f3
010045426200050400f3
0100fc426200050400f3
010100426200050400f3
010100426200050400f3
0100be426200050400f3
010100426200050400f3
02008d456200047700f4
0100f0426200047700f4
0100bc426200047700f4
010100426200047700f4
020019456100045e00f5
010100426100045e00f5
010100426100045e00f5
010082426100045e00f5
010100426100045e00f5
010100426100045e00f5
0100fd426100045e00f5
010100426100045e00f5
02007a45606303e400f6
01010043620004e400f7
01010042620004e400f7
02010045606303e400f8
01010043620004e400f9
0100ec42620004e400f9
01010042620004e400f9
01008442620004e400f9
0100f142620004e400f9
01004b42620004e400f9
01010042620004e400f9
01010042620004e400f9
01010042620004e400f9
01010042620004e400f9
0100a342620004e400f9
02010144620004e400f9
0100d442620004e400f9
01007a42620004e400f9
01005642620004e400f9
0100cf42620004e400f9
02008b456100045900fa
010100426100045900fa
01007d426100045900fa
0100c0426100045900fa
010041426100045900fa
0100c1426100045900fa
010050426100045900fa
01004e426100045900fa
01ffff426100045900fa
010100426100045900fa
010100426100045900fa
010100426100045900fa
020100455e62035900fb
01ffff425e62035900fb
0100d4436100042d00fc
0100c5426100042d00fc
01008d426100042d00fc
01007e426100042d00fc
020086455f6303a700fd
02ffff445f6303a700fd
01009e436100044500fe
010100426100044500fe
010100426100044500fe
010012426100044500fe
020100455d62034500ff
0200d045575f02750100
0100f2435e6203670101
01010043610004670102
01006f42610004670102
020100455e6203670103
01005f43606303c60104
0100b243620004780105
01008b42620004780105
0100d042620004780105
020100455e6303780106
01010043620004780107
01010042620004780107
01010042620004780107
0100ff42620004780107
01010042620004780107
01010042620004780107
01010042620004780107
0100d842620004780107
01010042620004780107
02003b456100043d0108
010100426100043d0108
01009a426100043d0108
010101426100043d0108
010100426100043d0108
0200a0455f63039d0109
010100436200049d010a
01001f426200049d010a
02001d4562000480010b
0101004262000480010b
0101004262000480010b
01009c4262000480010b
0101004262000480010b
0100854262000480010b
0100624262000480010b
0101004262000480010b
0101004262000480010b
0201014462000480010b
0100a54262000480010b
0101004262000480010b
0101004262000480010b
0100004262000480010b
0100e94262000480010b
0101004262000480010b
01009a4262000480010b
020100455f630380010c
0100ec436100046c010d
01008a426100046c010d
010051426100046c010d
010003426100046c010d
010100426100046c010d
01008e426100046c010d
010100426100046c010d
010100426100046c010d
010078426100046c010d
0100b5426100046c010d
010026426100046c010d
010100426100046c010d
010100426100046c010d
010033426100046c010d
010007426100046c010d
020100455e62036c010e
010100436100046c010f
010021426100046c010f
010100426100046c010f
010100426100046c010f
02ffff446100046c010f
010100426100046c010f
010100426100046c010f
0520684b6100046c010f
0100fa426100046c010f
010057426100046c010f
0100de426100046c010f
010100426100046c010f
010100426100046c010f
010100426100046c010f
0100c1426100046c010f
0100df426100046c010f
010100426100046c010f
0100b3426100046c010f
010100426100046c010f
010100426100046c010f
010044426100046c010f
010100426100046c010f
0100fb426100046c010f
01002b426100046c010f
010100426100046c010f
01006d426100046c010f
010093426100046c010f
02003e456100042e0110
010092426100042e0110
010034426100042e0110
010033426100042e0110
010009426100042e0110
010088426100042e0110
010070426100042e0110
010072426100042e0110
010100426100042e0110
01007a426100042e0110
010100426100042e0110
020094455f63039a0111
01000b435f6303a50112
0100e043620004850113
01001542620004850113
01000542620004850113
0100cf42620004850113
01003a42620004850113
01004b42620004850113
01010042620004850113
01008042620004850113
01001242620004850113
0100a042620004850113
01006942620004850113
01010042620004850113
01008c42620004850113
01010042620004850113
02009145606303f40114
01000f43606304030115
01010043620005030116
01009b42620005030116
01010042620005030116
01004542620005030116
01010042620005030116
0100aa42620005030116
01006e42620005030116
01002442620005030116
01009042620005030116
01007d42620005030116
02002f45620004d40117
0100d242620004d40117
0100f942620004d40117
02000c45620004c80118
02010045606303c80119
0200ff455a6102c9011a
02003d455860028c011b
020100454959018c011c
0200b845394f00d4011d
02010045223affd4011e
020100451023fed4011f
020027450e1ffead0120
02010045050ffdad0121
020100450206fcad0122
020100450003fbad0123
020100440003fbad0123
020100440003fbad0123
020100440003fbad0123
020079440003fbad0123
0200e9440003fbad0123
020100440003fbad0123
020100440003fbad0123
020100440003fbad0123
020083440003fbad0123
020100440003fbad0123
0200b4440003fbad0123
020100440003fbad0123
0200bf440003fbad0123
020086440003fbad0123
020100440003fbad0123
02002c440003fbad0123
020100440003fbad0123
020100440003fbad0123
0100e1430106fc8e0124
020097450103fbf70125
020049450003fbae0126
0100b7430105fc650127
02006f450103fbf60128
0200af450002fb470129
020100440002fb470129
0200c1440002fb470129
0200b2440002fb470129
020100440002fb470129
0200fd440002fb470129
020044440002fb470129
020100440002fb470129
010052430003fb99012a
010100430206fc99012b
020100450003fb99012c
02003e440003fb99012c
020100440003fb99012c
020050440003fb99012c
0100cd430105fc66012d
020100450002fb66012e
0200f9440002fb66012e
020098440002fb66012e
020100440002fb66012e
020075440002fb66012e
020100440002fb66012e
020100440002fb66012e
020100440002fb66012e
020100440002fb66012e
0200a4440002fb66012e
020100440002fb66012e
020100440002fb66012e
020057440002fb66012e
020100440002fb66012e
020100440002fb66012e
020100440002fb66012e
020067440002fb66012e
020012440002fb66012e
020100440002fb66012e
0200f0440002fb66012e
020065440002fb66012e
020045440002fb66012e
020100440002fb66012e
0200b2440002fb66012e
0200b3440002fb66012e
0200b4440002fb66012e
020100440002fb66012e
020100440002fb66012e
020042440002fb66012e
020100440002fb66012e
02ffff440002fb66012e
02ffff440002fb66012e
020100440002fb66012e
010100430105fc66012f
020100450002fb660130
0200c5440002fb660130
020100440002fb660130
020100440002fb660130
0200a7440002fb660130
020100440002fb660130
020100440002fb660130
02002e440002fb660130
02003d440002fb660130
0200e6440002fb660130
0200c6440002fb660130
010086430103fbec0131
020008450103fbe40132
020100450002fae40133
020081440002fae40133
020100440002fae40133
020100440002fae40133
020100440002fae40133
020079440002fae40133
020100440002fae40133
020100440002fae40133
010000420002fae40133
0200ff440002fae40133
0200f0440002fae40133
020100440002fae40133
051cce4b0002fae40133
020100440002fae40133
020089440002fae40133
020100440002fae40133
020100440002fae40133
020100440002fae40133
020100440002fae40133
0100f0430003fbd40134
020100440003fbd40134
010100430207fcd40135
020100450003fbd40136
02009a440003fbd40136
020100440003fbd40136
0100fc430207fcd00137
020100450003fbd00138
0200d5440003fbd00138
020100440003fbd00138
020101440003fbd00138
020100440003fbd00138
02000f440003fbd00138
020100440003fbd00138
0200e8440003fbd00138
02ffff440003fbd00138
020100440003fbd00138
020100440003fbd00138
020100440003fbd00138
020048440003fbd00138
020100440003fbd00138
020100440003fbd00138
02003a440003fbd00138
0200ce440003fbd00138
020100440003fbd00138
020100440003fbd00138
020100440003fbd00138
020100440003fbd00138
05ec6e4b0003fbd00138
020029440003fbd00138
020013440003fbd00138
020100440003fbd00138
020100440003fbd00138
020100440003fbd00138
020100440003fbd00138
0200d1440003fbd00138
02002c440003fbd00138
020100440003fbd00138
020100440003fbd00138
0200f9440003fbd00138
020026440003fbd00138
0100db430206fcab0139
020100450003fbab013a
020100440003fbab013a
020100440003fbab013a
010055430104fc00013b
020100450002fb00013c
02008c440002fb00013c
02003c440002fb00013c
020100440002fb00013c
020100440002fb00013c
010064430002fb64013d
020100440002fb64013d
020100440002fb64013d
010097430103fbfb013e
020100450002fafb013f
02007c440002fafb013f
0100c4430003fbbf0140
020100440003fbbf0140
020100440003fbbf0140
020100440003fbbf0140
020100440003fbbf0140
020100440003fbbf0140
020100440003fbbf0140
020083440003fbbf0140
020100440003fbbf0140
010044430104fc030141
020085450002fb7e0142
020072440002fb7e0142
020100440002fb7e0142
020100440002fb7e0142
020017440002fb7e0142
02005b440002fb7e0142
01ffff420002fb7e0142
020004440002fb7e0142
020097440002fb7e0142
010100430105fc7e0143
0200fe450002fb800144
020100440002fb800144
0200f6440002fb800144
0200ca440002fb800144
010000420002fb800144
020100440002fb800144
020100440002fb800144
01000b430002fb8b0145
02009c440002fb8b0145
020100440002fb8b0145
020100440002fb8b0145
0200e0440002fb8b0145
01003b430003fbc60146
02007b440003fbc60146
020100440003fbc60146
020100440003fbc60146
0200fd440003fbc60146
02005c440003fbc60146
020100440003fbc60146
02008e440003fbc60146
0200dc440003fbc60146
0200e1440003fbc60146
020101440003fbc60146
010069430104fc2f0147
0200c1450002fb6e0148
0200b0440002fb6e0148
010100430105fc6e0149
020100450002fb6e014a
020063440002fb6e014a
020100440002fb6e014a
020100440002fb6e014a
020100440002fb6e014a
020055440002fb6e014a
010100430105fc6e014b
020100450002fb6e014c
02007a440002fb6e014c
020100440002fb6e014c
020100440002fb6e014c
01ffff420002fb6e014c
020100440002fb6e014c
020101440002fb6e014c
020055440002fb6e014c
020100440002fb6e014c
010100430105fc6e014d
020100450002fb6e014e
020100440002fb6e014e
020081440002fb6e014e
0200ce440002fb6e014e
020100440002fb6e014e
020100440002fb6e014e
01005d430003fbcb014f
020100440003fbcb014f
02008c440003fbcb014f
02002c440003fbcb014f
020100440003fbcb014f
0200c2440003fbcb014f
020011440003fbcb014f
020069440003fbcb014f
020100440003fbcb014f
010100430207fccb0150
010100430610fdcb0151
010038430713fe030152
020100450308fd030153
0100d5430611fdd80154
010053430916fe2b0155
0100e7431328ff120156
01001a43152bff2c0157
01010142152bff2c0157
010100432a42002c0158
010100434154012c0159
020100452a42002c015a
01007443354c00a0015b
01000042354c00a0015b
0100a54344560145015c
0100d743525d021c015d
01002043545e023c015e
020075454d5b01c7015f
02010045384e00c70160
010093434557015a0161
01010043565f025a0162
010100435e62035a0163
02010045565f025a0164
02000d45555f024d0165
010100435e62034d0166
0100f543610004420167
020100455d6203420168
020019455d6203290169
02010045535e0229016a
010100435d620329016b
0101004361000429016c
020100455d620329016d
02009c455860028d016e
010100435f63038d016f
020100455860028d0170
02ffff445860028d0170
02005945545e02340171
02010045425501340172
01010043545e02340173
010100435d6203340174
0200c045575f02740175
02003945545e023b0176
0100d6435c6203110177
0200f345535d021e0178
01001143535e022f0179
01000042535e022f0179
010100435d62032f017a
02010045535e022f017b
0200ec4543550143017c
01010043545e0243017d
0200be4549580185017e
02005c4541540129017f
02010045294200290180
01010043415401290181
02010045294200290182
02010045152aff290183
0100f043284100190184
0100a443374e00bd0185
02002d45334a00900186
01010043495901900187
01010043586002900188
01010142586002900188
010100435f6303900189
0100974361000427018a
0101004261000427018a
05442d4b61000427018a
0200aa455f63037d018b
020100455760027d018c
010100435f63037d018d
020100455760027d018e
010100435f63037d018f
02007b455c6103020190
0100cb43606303cd0191
0200dc455b6102f10192
0200f045515d02010193
010100435c6103010194
01010043606304010195
010059436100045a0196
0100dc426100045a0196
0100b2426100045a0196
0100ba426100045a0196
02006a45606303f00197
058c2a4b606303f00197
01007a436100046a0198
010100426100046a0198
02004945616304210199
0101004362000521019a
0101004262000521019a
02007945620004a8019b
0200b745606303f1019c
01010043620004f1019d
02005c4562000495019e
0200f8455f63039d019f
020100455860029d01a0
0100a8435d62034501a1
02008d45596102b801a2
01010043606303b801a3
01010043620004b801a4
02010045606303b801a5
020021455f63039701a6
010100436200049701a7
01005f426200049701a7
02003d456100045a01a8
020100455e62035a01a9
010056435f6303b001aa
02010045596002b001ab
01000443596002b401ac
010100435f6303b401ad
01010043620004b401ae
020090456100042401af
01007f426100042401af
020100455d62032401b0
02010045535e022401b1
020100454154012401b2
0100cf43505c01f301b3
010100435b6102f301b4
010058435e62034b01b5
0200df45565f026c01b6
0100b3435c62031f01b7
010100436163041f01b8
02ffff446163041f01b8
020100455c62031f01b9
010067435f63038601ba
020100455760028601bb
0200b8454e5b01ce01bc
010100435a6102ce01bd
0100ec43606303ba01be
020093455d62032701bf
010100436100042701c0
0100b7426100042701c0
010092426100042701c0
02009c455f63038b01c1
020100455860028b01c2
02009745505c01f401c3
020052454b5a01a201c4
02010045354c00a201c5
02003e452f47006401c6
010100434657016401c7
020100452f47006401c8
010100434657016401c9
020086453a5000de01ca
02010045223bffde01cb
010100433a5000de01cc
02009b452c44004301cd
0100b5433d5100f801ce
02010045253efff801cf
01009e43344b009601d0
010100434a59019601d1
01007743525d020d01d2
010100435c62030d01d3
0200c745555e024601d4
010100435d62034601d5
010020435e62036601d6
02010045565f026601d7
0200e5454858018101d8
0100cd43555f024e01d9
0200bd454a59019101da
010100435860029101db
02002145575f027001dc
020100454758017001dd
0100d143545e024101de
010100435d62034101df
020070455a6102d101e0
058b464b5a6102d101e0
02009f45545e023201e1
02004d454f5c01e501e2
010100435b6102e501e3
020049455860029c01e4
010100435f63039c01e5
020100455860029c01e6
010100435f63039c01e7
020100455860029c01e8
010100435f63039c01e9
010100436200049c01ea
020030456100046c01eb
020101446100046c01eb
010101426100046c01eb
020100455e62036c01ec
0200d3455860029901ed
020100454a59019901ee
010100435860029901ef
010099435d62033201f0
0535c74b5d62033201f0
01009543606303c701f1
0200f4455a6102d301f2
02002a45596002a901f3
010100435f6303a901f4
01010043620004a901f5
020100455f6303a901f6
02010045596002a901f7
02000945596002a001f8
010100435f6303a001f9
02010045596002a001fa
02009445525d020c01fb
0200e3454154012901fc
01010043535e022901fd
01010142535e022901fd
020100454154012901fe
01010043535e022901ff
010100435d6203290200
01010043610004290201
020100455d6203290202
01010043610004290203
02004845606303e10204
020100455b6102e10205
02003d45596002a40206
020019455860028b0207
020100454959018b0208
01008943525d02140209
020064454c5a01b0020a
0200f645374d00ba020b
010064434054011e020c
01010043535d021e020d
020100454054011e020e
020100452841001e020f
02001f45253effff0210
0200d445152aff2b0211
02000044152aff2b0211
02001f451328ff0c0212
020100450814fe0c0213
0100ea431226fef60214
01010043253efff60215
010100433d5100f60216
01006f43465701650217
01010043565f02650218
0200ab454c5a01ba0219
01003243505c01ec021a
0100b643596002a2021b
010100435f6303a2021c
020055455e62034d021d
010100436100044d021e
0100a2426100044d021e
010043426100044d021e
0100d7426100044d021e
02004f45606303fe021f
0200d1455d62032d0220
0200a645586002870221
02010045495901870222
01010043586002870223
01010142586002870223
010100435f6303870224
02007a455c62030d0225
010016435d6203230226
02010045535e02230227
020098454959018b0228
0100dd43565f02680229
0100e4435e62034c022a
02010045555f024c022b
030422570000024c022b
010001520000024c022b
020001540000024c022b
03002247555f024c022b
04000049253f00000000
0303d647214300000000
01002043244600200001
01002043274900400002
02001e45244600220003
01002043274900420004
010020432a4c00620005
010019432d4f007b0006
010020433052009b0007
01000643305200a10008
020020452d4f00810009
01002043305200a1000a
02001d452e500084000b
010000422e500084000b
020020452b4d0064000c
01000e432c4e0072000d
02002045294b0052000e
010011432b4d0063000f
02002045274a00430010
02001245264800310011
01002043294b00510012
02000545284a004c0013
010020432b4d006c0014
020001452b4d006b0015
02002045284a004b0016
010019432b4d00640017
02001945284a004b0018
02002144284a004b0018
010020432b4d006b0019
01000e432d4f0079001a
01ffff422d4f0079001a
0100204330510099001b
02001a452d4f007f001c
020002452d4f007d001d
01000e432e50008b001e
01002043315300ab001f
01002043345600cb0020
01002043375800eb0021
02002045345600cb0022
02001a45325300b10023
020020452f5100910024
020013452d4f007e0025
020015452b4d00690026
010020432e5000890027
01001a43305200a30028
020020452e4f00830029
010002432e500085002a
01002043315200a5002b
01001443325400b9002c
02001945305200a0002d
01002043335500c0002e
02001a45315300a6002f
02000a453052009c0030
020020452d4f007c0031
020017452b4d00650032
010020432e5000850033
020011452c4e00740034
010005432d4f00790035
01002043305100990036
01002043325400b90037
01000343335400bc0038
01002043355700dc0039
02002045335400bc003a
02001245315300aa003b
02001c452f50008e003c
020020452c4e006e003d
01000f432d4f007d003e
020017452b4d0066003f
010020432e5000860040
020020452b4d00660041
010020432e5000860042
020020452b4d00660043
02000c452a4c005a0044
020020452749003a0045
010020432a4c005a0046
010010432b4d006a0047
02001f45284a004b0048
02000145284a004a0049
010020432b4d006a004a
020006452b4d0064004b
02000e45294b0056004c
010012432b4d0068004d
02002045284a0048004e
0200104526480038004f
01000843274900400050
01001743294b00570051
010006432a4c005d0052
010018432c4e00750053
010020432f5100950054
01001e43325400b30055
020020452f5100930056
020010452e4f00830057
01002043305200a30058
02000c452f5100970059
01002043325400b7005a
01000343335400ba005b
02000745325400b3005c
020020452f510093005d
01002043325400b3005e
02000945315300aa005f
02001c452f50008e0060
020020452c4e006e0061
02002045294b004e0062
02ffff44294b004e0062
020020452548002e0063
01002043294b004e0064
02001d45264800310065
01002043294b00510066
010020432c4e00710067
02002045294b00510068
02000645284a004b0069
020011452749003a006a
01001a43294b0054006b
010020432c4e0074006c
02001c45294c0058006d
0200204526480038006e
0200204523450018006f
01001943264800310070
02002045234500110071
020020451f42fff10072
01002043234500110073
01002043264800310074
01000743264800380075
01002043294c00580076
02002045264800380077
01002043294c00580078
01000b432b4d00630079
02002045274a0043007a
010020432b4d0063007b
01001b432d4f007e007c
02001f452a4c005f007d
010020432d4f007f007e
010020433052009f007f
020014452e50008b0080
020020452b4d006b0081
010002432b4d006d0082
02002045284a004d0083
02001a45264800330084
01000243264800350085
02002045234500150086
020020452042fff50087
01001343224400080088
020012452042fff60089
020015451e40ffe1008a
020020451b3dffc1008b
01000e431c3effcf008c
010020431f41ffef008d
010020432245000f008e
010020432648002f008f
020010452446001f0090
010020432749003f0091
020020452446001f0092
01001343264800320093
01002043294b00520094
010017432b4d00690095
02002045284a00490096
02001845264800310097
02001d45234500140098
01000e43244600220099
0200204521430002009a
020020451e40ffe2009b
01000e431f41fff0009c
0100204323450010009d
020003452244000d009e
010020432547002d009f
01001d43284a004a00a0
020020452547002a00a1
020020452244000a00a2
020020451f41ffea00a3
05474c4b1f41ffea00a3
020008451e40ffe200a4
01000d431f41ffef00a5
01000e432143fffd00a6
010020432446001d00a7
010002432446001f00a8
010010432648002f00a9
01002043294b004f00aa
010018432b4d006700ab
020008452a4c005f00ac
01000b432b4d006a00ad
010020432e50008a00ae
01002043315300aa00af
02000b453052009f00b0
020020452d4f007f00b1
010013432f51009200b2
020020452c4e007200b3
02ffff442c4e007200b3
010014432e50008600b4
020020452b4d006600b5
010018432d4f007e00b6
010020433052009e00b7
01000543305200a300b8
01000743315300aa00b9
020020452e50008a00ba
020020452b4d006a00bb
010020432e50008a00bc
020020452b4d006a00bd
010020432e50008a00be
020020452b4d006a00bf
020005452b4d006500c0
02001c45284a004900c1
02001b452548002e00c2
01000e432749003c00c3
010020432a4c005c00c4
010003432a4c005f00c5
010020432d4f007f00c6
02001b452b4d006400c7
02000c45294c005800c8
020020452648003800c9
02000b452547002d00ca
01002043284a004d00cb
010020432b4d006d00cc
010020432e50008d00cd
01000d433052009a00ce
020020452d4f007a00cf
020001452d4f007900d0
020013452b4d006600d1
010004432b4d006a00d2
02001745294b005300d3
02001e452648003500d4
01002043294b005500d5
010012432b4d006700d6
02002045284a004700d7
01000943294b005000d8
010014432b4d006400d9
010020432e50008400da
01002043315200a400db
01002043335500c400dc
01001b43365700df00dd
02001745345500c800de
01000b43355600d300df
01002043375900f300e0
02002045355600d300e1
01002043375900f300e2
01000b43385a00fe00e3
02002045365700de00e4
02000044365700de00e4
01ffff42365700de00e4
01002043385a00fe00e5
02000d45375900f100e6
02002045345600d100e7
01000b43355700dc00e8
01001443375900f000e9
010020433a5b011000ea
02001e45375900f200eb
010020433a5b011200ec
02000845395b010a00ed
02001145385900f900ee
010020433a5c011900ef
010020433d5e013900f0
020020453a5c011900f1
02002045385900f900f2
010020433a5c011900f3
010020433d5e013900f4
01000a433d5e014300f5
010020433f60016300f6
010020434162018300f7
01002043430001a300f8
02000044430001a300f8
05f6e44b430001a300f8
01002042430001a300f8
020020454162018300f9
010002434262018500fa
01002043430001a500fb
01000442430001a500fb
01001b42430001a500fb
01000742430001a500fb
01000742430001a500fb
01002042430001a500fb
01002042430001a500fb
01001a42430001a500fb
01002042430001a500fb
01002042430001a500fb
020020454262018500fc
01001a434300019f00fd
020020454162017f00fe
010020434300019f00ff
01001b424300019f00ff
010002424300019f00ff
01001a424300019f00ff
010021424300019f00ff
010020424300019f00ff
010020424300019f00ff
010020424300019f00ff
010009424300019f00ff
010002424300019f00ff
059ce84b4300019f00ff
020020454162017f0100
01001143426301900101
01002043440001b00102
01001b42440001b00102
01002042440001b00102
01002042440001b00102
01000342440001b00102
01001942440001b00102
02002045426301900103
01001243430001a20104
01002042430001a20104
01001f42430001a20104
01000e42430001a20104
02002045416201820105
01002043430001a20106
01000d42430001a20106
01002042430001a20106
02001f45416201830107
01002043430001a30108
01002042430001a30108
02002045416201830109
01002043430001a3010a
01002042430001a3010a
01000c42430001a3010a
01001b42430001a3010a
01002042430001a3010a
01002042430001a3010a
01002042430001a3010a
01000b42430001a3010a
01002042430001a3010a
01002042430001a3010a
01001c42430001a3010a
01002042430001a3010a
01002042430001a3010a
0200204541620183010b
0100124343630195010c
01002043440001b5010d
01002042440001b5010d
01002042440001b5010d
01002042440001b5010d
01002042440001b5010d
01002042440001b5010d
0200204543630195010e
01002043440001b5010f
01002042440001b5010f
01000f42440001b5010f
01001c42440001b5010f
01001a42440001b5010f
01002042440001b5010f
01000b42440001b5010f
01002042440001b5010f
01000542440001b5010f
01002042440001b5010f
01ffff42440001b5010f
01000a42440001b5010f
01002042440001b5010f
01002042440001b5010f
02002045436301950110
01002043440001b50111
01002042440001b50111
01001742440001b50111
01001142440001b50111
02001b454300019a0112
010020424300019a0112
010020424300019a0112
010006424300019a0112
020020454162017a0113
010020434300019a0114
010020424300019a0114
010012424300019a0114
010008424300019a0114
020020454162017a0115
02001d453f60015d0116
01001843416201750117
01000d43416201820118
01002043430001a20119
01001442430001a20119
01002042430001a20119
01000a42430001a20119
01002042430001a20119
01001042430001a20119
01000742430001a20119
02000f4542630193011a
01002043440001b3011b
01002042440001b3011b
01002042440001b3011b
01002042440001b3011b
01001042440001b3011b
01000c42440001b3011b
01002042440001b3011b
01000742440001b3011b
01002042440001b3011b
01000142440001b3011b
01000f42440001b3011b
02001045430001a3011c
01000c42430001a3011c
01002042430001a3011c
01002042430001a3011c
01000b42430001a3011c
01001e42430001a3011c
01002042430001a3011c
01001842430001a3011c
01002042430001a3011c
01001f42430001a3011c
01002042430001a3011c
01001342430001a3011c
01001d42430001a3011c
020019454263018a011d
020020454061016a011e
010020434263018a011f
01002043440001aa0120
020020454263018a0121
01000943426301930122
02002045416101730123
01000e43416201810124
01002043430001a10125
01002042430001a10125
01000842430001a10125
01001442430001a10125
01001a42430001a10125
0521214b430001a10125
01001842430001a10125
01000c42430001a10125
01002042430001a10125
01001642430001a10125
01002042430001a10125
01000742430001a10125
01001942430001a10125
01002042430001a10125
01002042430001a10125
01002042430001a10125
01002042430001a10125
01001442430001a10125
02002045416201810126
01002043430001a10127
01000842430001a10127
01000542430001a10127
01000f42430001a10127
01001742430001a10127
01001142430001a10127
01ffff42430001a10127
01001642430001a10127
01000242430001a10127
02002045416201810128
01001743436301980129
0200204541620178012a
01001c4342630194012b
01002043440001b4012c
01002042440001b4012c
01002042440001b4012c
01002042440001b4012c
01000d42440001b4012c
01001e42440001b4012c
0200204542630194012d
01002043440001b4012e
01000b42440001b4012e
01002042440001b4012e
0200204542630194012f
01002043440001b40130
01002042440001b40130
01002042440001b40130
01000242440001b40130
01001942440001b40130
01002042440001b40130
01002042440001b40130
01000c42440001b40130
01002042440001b40130
01002042440001b40130
01002042440001b40130
01001a42440001b40130
01000342440001b40130
01001742440001b40130
01001942440001b40130
02002144440001b40130
01001c42440001b40130
01001f42440001b40130
01000742440001b40130
01002042440001b40130
01000342440001b40130
01002042440001b40130
01002042440001b40130
01002042440001b40130
01002042440001b40130
01002042440001b40130
01001242440001b40130
02000545440001af0131
01002042440001af0131
01002042440001af0131
01000242440001af0131
01000642440001af0131
01001342440001af0131
01001342440001af0131
01001742440001af0131
01001d42440001af0131
02000044440001af0131
01000a42440001af0131
020020454263018f0132
01002043440001af0133
01000542440001af0133
01002042440001af0133
01002042440001af0133
01000542440001af0133
01001d42440001af0133
01002042440001af0133
01002042440001af0133
01000142440001af0133
01002042440001af0133
01001442440001af0133
01002042440001af0133
01001242440001af0133
01000c42440001af0133
01002042440001af0133
01002042440001af0133
01001b42440001af0133
02001e45426301910134
02002045406101710135
02001d453e6001540136
02001e453c5e01360137
02001a453b5c011c0138
02002045385a00fc0139
02000f45375800ed013a
02001b45355600d2013b
02000a45345500c8013c
02001645325400b2013d
020020452f510092013e
020020452c4e0072013f
02001b45294b00570140
0525a84b294b00570140
02001745274900400141
02002045244600200142
02000d45234500130143
020020452042fff30144
020020451d3fffd30145
020020451a3cffb30146
020019451739ff9a0147
020020451436ff7a0148
02001e451233ff5c0149
02000a451133ff52014a
020020450e30ff32014b
020020450c2dff12014c
020018450a2bfefa014d
020020450729feda014e
02000c450728fece014f
01002043092afeee0150
02000c450829fee20151
02000c450728fed60152
01000d430829fee30153
01000643092afee90154
01001e430b2cff070155
02001545092bfef20156
010020430c2dff120157
020014450a2bfefe0158
020020450829fede0159
020020450627febe015a
020020450425fe9e015b
020020450223fe7e015c
020020450021fe5e015d
020017440021fe5e015d
02001c440021fe5e015d
02000e440021fe5e015d
020020440021fe5e015d
02001c440021fe5e015d
02001c440021fe5e015d
020020440021fe5e015d
020020440021fe5e015d
020021440021fe5e015d
020020440021fe5e015d
020003440021fe5e015d
020020440021fe5e015d
02001c440021fe5e015d
020020440021fe5e015d
010020430223fe7e015e
020020450021fe5e015f
010006430021fe640160
020020440021fe640160
020020440021fe640160
02000e440021fe640160
020018440021fe640160
020006440021fe640160
020020440021fe640160
020020440021fe640160
020020440021fe640160
020012440021fe640160
020020440021fe640160
020020440021fe640160
020014440021fe640160
020018440021fe640160
020020440021fe640160
020020440021fe640160
020017440021fe640160
010020430223fe840161
020009450222fe7b0162
020020450021fe5b0163
020020440021fe5b0163
020020440021fe5b0163
020020440021fe5b0163
020018440021fe5b0163
010008430021fe630164
02000e440021fe630164
020020440021fe630164
020008440021fe630164
010021420021fe630164
02000f440021fe630164
020020440021fe630164
010020430223fe830165
020020450021fe630166
020020440021fe630166
020020440021fe630166
020020440021fe630166
020018440021fe630166
020011440021fe630166
020020440021fe630166
020006440021fe630166
02000b440021fe630166
020020440021fe630166
020020440021fe630166
020020440021fe630166
020020440021fe630166
020020440021fe630166
010000420021fe630166
02000f440021fe630166
020020440021fe630166
020002440021fe630166
020020440021fe630166
020005440021fe630166
02001e440021fe630166
020020440021fe630166
020006440021fe630166
020017440021fe630166
020020440021fe630166
010008430121fe6b0167
01ffff420121fe6b0167
020014450020fe570168
020007440020fe570168
020020440020fe570168
02000d440020fe570168
020006440020fe570168
020020440020fe570168
010000420020fe570168
05bd5f4b0020fe570168
020020440020fe570168
020003440020fe570168
02ffff440020fe570168
020019440020fe570168
020020440020fe570168
020011440020fe570168
020004440020fe570168
020020440020fe570168
01ffff420020fe570168
010020430122fe770169
02001f450020fe58016a
020020440020fe58016a
020016440020fe58016a
020020440020fe58016a
020013440020fe58016a
020004440020fe58016a
020020440020fe58016a
020020440020fe58016a
020020440020fe58016a
02000e440020fe58016a
020020440020fe58016a
020020440020fe58016a
020018440020fe58016a
020010440020fe58016a
020020440020fe58016a
020020440020fe58016a
020020440020fe58016a
02001c440020fe58016a
010006430021fe5e016b
020020440021fe5e016b
020020440021fe5e016b
020020440021fe5e016b
010020430223fe7e016c
020020450021fe5e016d
020020440021fe5e016d
02001e440021fe5e016d
020006440021fe5e016d
020020440021fe5e016d
020020440021fe5e016d
020008440021fe5e016d
020020440021fe5e016d
020020440021fe5e016d
02000c440021fe5e016d
020020440021fe5e016d
020020440021fe5e016d
02001a440021fe5e016d
020020440021fe5e016d
020020440021fe5e016d
02000b440021fe5e016d
0568f94b0021fe5e016d
020020440021fe5e016d
020020440021fe5e016d
020020440021fe5e016d
020020440021fe5e016d
020009440021fe5e016d
020020440021fe5e016d
020011440021fe5e016d
020020440021fe5e016d
020020440021fe5e016d
02001f440021fe5e016d
020020440021fe5e016d
02001d440021fe5e016d
020020440021fe5e016d
020020440021fe5e016d
020020440021fe5e016d
010020430223fe7e016e
0554c84b0223fe7e016e
02001a450021fe64016f
020020440021fe64016f
010020430223fe840170
020020450021fe640171
020020440021fe640171
020013440021fe640171
020007440021fe640171
020020440021fe640171
010013430122fe770172
020020450020fe570173
020002440020fe570173
020020440020fe570173
020020440020fe570173
020006440020fe570173
02000d440020fe570173
01ffff420020fe570173
020013440020fe570173
010017430122fe6e0174
02000b450021fe630175
020020440021fe630175
010017430222fe7a0176
010008430223fe820177
020020450021fe620178
020020440021fe620178
020020440021fe620178
020020440021fe620178
020020440021fe620178
010020430223fe820179
010020430425fea2017a
020020450223fe82017b
020020450021fe62017c
020010440021fe62017c
020003440021fe62017c
020020440021fe62017c
020020440021fe62017c
020020440021fe62017c
020020440021fe62017c
010020430223fe82017d
020021440223fe82017d
02001f450021fe63017e
010020430223fe83017f
020020450021fe630180
02001c440021fe630180
010020430223fe830181
010020430425fea30182
020020450223fe830183
02001c450021fe670184
01001a430223fe810185
020020450021fe610186
020020440021fe610186
020020440021fe610186
020016440021fe610186
020010440021fe610186
020020440021fe610186
020020440021fe610186
020020440021fe610186
020007440021fe610186
055a5c4b0021fe610186
010020430223fe810187
010010430324fe910188
010013430425fea40189
010020430627fec4018a
010000420627fec4018a
020013450526feb1018b
010011430627fec2018c
010020430829fee2018d
010020430a2cff02018e
01000d430b2dff0f018f
010020430e30ff2f0190
020004450e2fff2b0191
010020431032ff4b0192
020020450e2fff2b0193
020002450d2fff290194
010014430f31ff3d0195
02001a450d2eff230196
020020450a2cff030197
020020450829fee30198
010020430a2cff030199
02000a450a2bfef9019a
01001c430c2dff15019b
020014450a2cff01019c
020020450829fee1019d
020009450729fed8019e
01001643092afeee019f
01001b430b2cff0901a0
020000440b2cff0901a0
02002045092afee901a1
020012450729fed701a2
010000420729fed701a2
010020430a2bfef701a3
01000d430a2cff0401a4
02000d450a2bfef701a5
02000b45092afeec01a6
010020430b2dff0c01a7
01001a430d2fff2601a8
010005430e2fff2b01a9
02001c450b2dff0f01aa
010012430d2eff2101ab
020017450b2cff0a01ac
02001f45092afeeb01ad
020012450729fed901ae
020020450526feb901af
020020450324fe9901b0
010000420324fe9901b0
020020450122fe7901b1
010020430324fe9901b2
020020450122fe7901b3
010020430324fe9901b4
020020450122fe7901b5
020020450020fe5901b6
010013430122fe6c01b7
020020450020fe4c01b8
02001a440020fe4c01b8
01000b430020fe5701b9
020020440020fe5701b9
010020430122fe7701ba
010020430324fe9701bb
01001f430526feb601bc
01000d430627fec301bd
010020430829fee301be
020020450627fec301bf
01000c430728fecf01c0
01002043092afeef01c1
01001e430b2dff0d01c2
010021420b2dff0d01c2
010020430e2fff2d01c3
020020450b2dff0d01c4
010017430d2fff2401c5
020017450b2dff0d01c6
02002045092afeed01c7
020020450728fecd01c8
01002043092afeed01c9
02000a450829fee301ca
010020430a2cff0301cb
010017430c2eff1a01cc
01001b430e30ff3501cd
020020450c2dff1501ce
010011430d2fff2601cf
010020431031ff4601d0
010020431234ff6601d1
010005431335ff6b01d2
020002451335ff6901d3
020020451032ff4901d4
01001c431234ff6501d5
010020431537ff8501d6
01002043183affa501d7
01000643193bffab01d8
02000345183bffa801d9
020020451637ff8801da
01ffff421637ff8801da
01002043183bffa801db
020020451637ff8801dc
020020451335ff6801dd
010020431637ff8801de
01002043183bffa801df
01000a43193bffb201e0
020020451638ff9201e1
020015451536ff7d01e2
010020431739ff9d01e3
020020451536ff7d01e4
02001c451234ff6101e5
020020450f31ff4101e6
010002430f31ff4301e7
010020431234ff6301e8
010020431537ff8301e9
020001451537ff8201ea
020020451234ff6201eb
020016451032ff4c01ec
020020450e2fff2c01ed
020005450d2fff2701ee
020016450b2dff1101ef
010020430e30ff3101f0
010011430f31ff4201f1
010015431133ff5701f2
020020450e30ff3701f3
020020450c2dff1701f4
020020450a2bfef701f5
05a7c94b0a2bfef701f5
020020450729fed701f6
010020430a2bfef701f7
020020450729fed701f8
010006430829fedd01f9
020012450628fecb01fa
020020450425feab01fb
02000d450425fe9e01fc
020020450223fe7e01fd
010010430324fe8e01fe
020015450122fe7901ff
020020450020fe590200
010014430122fe6d0201
010016430223fe830202
020020450021fe630203
010020430223fe830204
010020430425fea30205
020020450223fe830206
020001450223fe820207
020014450122fe6e0208
010020430324fe8e0209
020020450122fe6e020a
020020450020fe4e020b
010020430122fe6e020c
010020430324fe8e020d
010020430526feae020e
02000a450425fea4020f
010020430627fec40210
010020430829fee40211
020015450728fecf0212
020017450526feb80213
020013450425fea50214
020020450223fe850215
020008450223fe7d0216
010020430425fe9d0217
020020450223fe7d0218
02001c450021fe610219
020020440021fe610219
02000b440021fe610219
020020440021fe610219
010020430223fe81021a
020010450122fe71021b
020020450020fe51021c
020020440020fe51021c
020004440020fe51021c
059f444b0020fe51021c
020020440020fe51021c
010004430020fe55021d
010020430122fe75021e
010020430324fe95021f
02001c450122fe790220
020020450020fe590221
010020430122fe790222
020018450021fe610223
010006430021fe670224
010020430223fe870225
010020430425fea70226
02000a450425fe9d0227
01000b430425fea80228
020005450425fea30229
010020430627fec3022a
010020430829fee3022b
010020430a2cff03022c
020020450829fee3022d
010020430a2cff03022e
02001645092afeed022f
010020430b2dff0d0230
02002045092afeed0231
010020430b2dff0d0232
02002045092afeed0233
01000343092afef00234
010020430b2dff100235
010006430c2dff160236
010020430e30ff360237
010020431133ff560238
02001c450f30ff3a0239
020011450d2fff29023a
020020450b2cff09023b
020001450b2cff08023c
02002045082afee8023d
01000643092afeee023e
010011430a2cfeff023f
02001b450829fee40240
020020450627fec40241
010012430728fed60242
020020450526feb60243
010020430728fed60244
01001843092afeee0245
010020430b2dff0e0246
010020430e2fff2e0247
020020450b2dff0e0248
010011430d2eff1f0249
010015430e30ff34024a
020020450c2dff14024b
02002045092bfef4024c
020020450728fed4024d
01002043092bfef4024e
010020430c2dff14024f
02000c450b2cff080250
010007430b2dff0f0251
02001c45092bfef30252
010012430b2cff050253
010020430d2fff250254
010020431031ff450255
020020450d2fff250256
010020431031ff450257
010020431234ff650258
02000f451133ff560259
020013450f31ff43025a
010020431234ff63025b
010020431537ff83025c
020008451436ff7b025d
020020451233ff5b025e
010020431436ff7b025f
010002431536ff7d0260
010018431739ff950261
010020431a3cffb50262
020020451739ff950263
020020451436ff750264
020020451133ff550265
020020450e30ff350266
010001430e30ff360267
02000a450e2fff2c0268
020020450b2dff0c0269
02002045092afeec026a
01000d430a2bfef9026b
010020430c2eff19026c
010007430d2eff20026d
020020450a2cff00026e
02001045092afef0026f
02001a450728fed60270
0307d6570000fed60270
010001520000fed60270
020001540000fed60270
0303d6470728fed60270
03001c460728fed60270
030003460728fed60270
030800460728fed60270
03ffff460728fed60270
030022471023fed60270
01010043223bffd60271
010100433a4f00d60272
010100434e5b01d60273
010100435a6102d60274
01010043606303d60275
01010043620004d60276
03000d27000004d60276
02000824000004d60276
01000822000004d60276
03000c07000004d60276
02000804000004d60276
01000802000004d60276
03000e47630004d60276
02000845630004ce0277
01000842630004ce0277
04000049313300000000
03000e47313300000000
020007453032fff90001
06000a4d080afff90001
02000745080afff20002
01000643080afff80003
01000243090afffa0004
01000343090bfffd0005
010007430a0b00040006
0600314d313200040006
010008433133000c0007
020002453133000a0008
01000743323400110009
0100044332340015000a
010006433335001b000b
0600004d0204001b000b
0600014d0305001b000b
0200064502040015000c
0600644d00000015000c
0200064400000015000c
0100034200000015000c
0600324d33350015000c
010005433435001a000d
0100064334360020000e
020002453436001e000f
020004453435001a0010
01000843343600220011
06005a4d5c5e00220011
010002435d5e00240012
020003455c5e00210013
020005455c5e001c0014
010008435d5e00240015
0600654c5d5e00240015
010008435d5f002c0016
020002455d5f002a0017
010008435e6000320018
020003455e5f002f0019
010006435e600035001a
010002435e600037001b
010001435f600038001c
010002435f61003a001d
0600004d0507003a001d
0200064504060034001e
0200034504060031001f
0600634d00000031001f
0600314d35370031001f
01000643353700370020
0600654c353700370020
01000143363700380021
02000745353700310022
0600314d353700310022
020006453436002b0023
06000a4d0d0f002b0023
020007450d0e00240024
0600644d000000240024
0600004d030400240024
0600334d363700240024
0600464d494a00240024
01000743494b002b0025
02000545494b00260026
02000245494a00240027
01000443494b00280028
02000545494a00230029
0600644d000000230029
02000844000000230029
02000544000000230029
06005a4d5d5e00230029
020004455c5e001f002a
010006435d5e0025002b
020007455c5e001e002c
010006435d5e0024002d
0600634d00000024002d
0200014400000024002d
0600624d00000024002d
0200054400000024002d
0200084400000024002d
0100084200000024002d
0200034400000024002d
0600014d04050024002d
0100024304060026002e
0600024d05070026002e
0100014305070027002f
02000745040600200030
0600624d000000200030
02000544000000200030
02000644000000200030
02000244000000200030
02000544000000200030
06ffff4c000000200030
01000342000000200030
06ffff4c000000200030
02000444000000200030
02000344000000200030
01000542000000200030
02000744000000200030
01000342000000200030
06ffff4c000000200030
0600464d484a00200030
06005a4d5c5e00200030
020008455b5d00180031
0600654c5b5d00180031
0600654c5b5d00180031
010002435c5d001a0032
020005455b5d00150033
010003435b5d00180034
0600004d010300180034
02000445010300140035
0600624d630000140035
01000442630000140035
02000345630000110036
0600334d343600110036
01000143343600120037
02000245343500100038
01000143343600110039
06000a4d0b0d00110039
0600324d333500110039
0600624d630000110039
020007456200000a003a
0200074561630003003b
0600334d32340003003b
06000a4d090b0003003b
010001430a0b0004003c
02000145090b0003003d
02000345090b0000003e
02000245090bfffe003f
02000645080afff80040
06000a4d080afff80040
02000645080afff20041
01000543080afff70042
01000743090bfffe0043
02000645080afff80044
01000643090bfffe0045
010006430a0b00040046
0600654c0a0b00040046
010007430a0c000b0047
020006450a0b00050048
02000245090b00030049
02000545090bfffe004a
02000845080afff6004b
0600624d6062fff6004b
0600314d2f31fff6004b
010007433032fffd004c
020004452f31fff9004d
06000a4d080afff9004d
020008450809fff1004e
01000443080afff5004f
020006450709ffef0050
0600004d0000ffef0050
020001440000ffef0050
0600014d0000ffef0050
0600024d0001ffef0050
0600654c0001ffef0050
0600024d0001ffef0050
010002430001fff10051
020001440001fff10051
020003440001fff10051
020005440001fff10051
010004430002fff50052
06005a4d585afff50052
020006455759ffef0053
0600624d5f61ffef0053
010001436061fff00054
020007455f61ffe90055
010002435f61ffeb0056
0600024d0001ffeb0056
010004430001ffef0057
020007440001ffef0057
010001430001fff00058
020006440001fff00058
020001440001fff00058
020007440001fff00058
020005440001fff00058
0600634d6162fff00058
010003436163fff30059
010008436263fffb005a
0100064362000001005b
0100014262000001005b
0100074262000001005b
0100024262000001005b
06005a4d595b0001005b
02000245595bffff005c
0600314d3032ffff005c
0600324d3133ffff005c
0600644d6300ffff005c
020006456200fff9005d
06ffff4c6200fff9005d
020003456200fff6005e
0600004d0000fff6005e
0600654c0000fff6005e
010007420000fff6005e
0600634d6163fff6005e
0600314d2f31fff6005e
010002432f31fff8005f
020004452f31fff40060
010006433031fffa0061
01000643303200000062
06000a4d090b00000062
02000245090bfffe0063
02000745080afff70064
0600654c080afff70064
020006450809fff10065
06ffff4c0809fff10065
01000443080afff50066
06ffff4c080afff50066
020005450809fff00067
06001e4d1c1dfff00067
010005431c1efff50068
020004451c1dfff10069
020002451b1dffef006a
0600014d0000ffef006a
010005420000ffef006a
020008440000ffef006a
020005440000ffef006a
0600624d5f61ffef006a
0600464d4345ffef006a
06001e4d1b1dffef006a
0600644d6163ffef006a
010006436200fff5006b
020007456163ffee006c
020003456163ffeb006d
020007456062ffe4006e
020003456062ffe1006f
0600024d0000ffe1006f
010008420000ffe1006f
010008420000ffe1006f
010002420000ffe1006f
020005440000ffe1006f
06ffff4c0000ffe1006f
020001440000ffe1006f
020008440000ffe1006f
020006440000ffe1006f
010003420000ffe1006f
020003440000ffe1006f
020001440000ffe1006f
020003440000ffe1006f
020005440000ffe1006f
010006420000ffe1006f
06000a4d0608ffe1006f
0600314d2d2fffe1006f
020008452c2effd90070
0600464d4143ffd90070
010005434244ffde0071
0600324d2e30ffde0071
0600334d2f31ffde0071
020006452e30ffd80072
020007452e2fffd10073
010007432e30ffd80074
010008432f31ffe00075
0600334d2f31ffe00075
0600644d6062ffe00075
020006455f61ffda0076
010006436062ffe00077
010004436062ffe40078
0600624d5e60ffe40078
010002435f60ffe60079
0600324d2f30ffe60079
010008432f31ffee007a
010003433031fff1007b
010007433032fff8007c
020004453032fff4007d
0600644d6200fff4007d
020001456200fff3007e
010006426200fff3007e
020002456263fff1007f
010001436200fff20080
010006426200fff20080
020007456163ffeb0081
010001436163ffec0082
010006436200fff20083
020001456263fff10084
0600644d6263fff10084
06ffff4c6263fff10084
06000a4d0809fff10084
020006450709ffeb0085
06000a4d0709ffeb0085
0600464d4345ffeb0085
020004454344ffe70086
0600024d0000ffe70086
06001e4d1b1cffe70086
0600004d0000ffe70086
0600314d2e2fffe70086
020001452e2fffe60087
0600654c2e2fffe60087
020003452d2fffe30088
010004432e2fffe70089
020001452e2fffe6008a
010006432e30ffec008b
020008452d2fffe4008c
0600324d2e30ffe4008c
010008432f31ffec008d
0600014d0000ffec008d
020003440000ffec008d
010005420000ffec008d
010007420000ffec008d
010006420000ffec008d
0600634d6062ffec008d
0600464d4345ffec008d
010003434345ffef008e
010007434446fff6008f
06005a4d585afff6008f
01000143585afff70090
01000443595afffb0091
0600504d4f50fffb0091
04000049313300000000
0500004b313300000000
030088072f3500000000
01000303303600030001
02000105303600020002
020002052f3500000003
020002052e34fffe0004
010003032f3600010005
0600630d600000010005
020002055f00ffff0006
010004025f00ffff0006
020001055f00fffe0007
0600650c5f00fffe0007
0600000d0002fffe0007
01000403000400020008
02000304000400020008
02000404000400020008
02000104000400020008
02000204000400020008
0600000d000400020008
01000403000600060009
0600460d454c00060009
0600460d454c00060009
01000403474d000a000a
02000405454c0006000b
0600010d00070006000b
0200020400070006000b
0200030400070006000b
0600650c00070006000b
010004030208000a000c
0200020501070008000d
0100010301080009000e
0200030500070006000f
01000203010700080010
010002030208000a0011
0600330d343a000a0011
06000a0d0b11000a0011
0600000d0107000a0011
0600620d6300000a0011
06ffff0c6300000a0011
010004026300000a0011
010002026300000a0011
010002026300000a0011
0600620d6300000a0011
02000305610000070012
01000202610000070012
01000302610000070012
06005a0d596000070012
02000305585f00040013
0600640d620000040013
01000202620000040013
01000402620000040013
0600330d313800040013
01000103323800050014
01000303333900080015
0600620d620000080015
01000202620000080015
01000402620000080015
01000402620000080015
06005a0d5a6000080015
010001035a6100090016
010003035b62000c0017
06000a0d0b12000c0017
010003030d13000f0018
06ffff0c0d13000f0018
0600310d343a000f0018
01000103343a00100019
0600010d040a00100019
01000403050c0014001a
02000305040b0011001b
02000205040a000f001c
0600620d0000000f001c
0600310d343a000f001c
01000203343b0011001d
0600310d343b0011001d
020004053339000d001e
06000a0d0c12000d001e
020001050b12000c001f
0600020d030a000c001f
02000405020800080020
01000403030a000c0021
01000303050b000f0022
0600640d0000000f0022
020003040000000f0022
010002020000000f0022
0600020d050b000f0022
01000303060c00120023
01000303070d00150024
0600320d373d00150024
02000405353c00110025
02000105353b00100026
0600330d363c00100026
02000405343b000c0027
0600310d3239000c0027
06ffff0c3239000c0027
020001053239000b0028
010002033339000d0029
0600650c3339000d0029
01000303343a0010002a
01000103343b0011002b
0600330d363d0011002b
02000105363c0010002c
01000103363d0011002d
0600310d343b0011002d
06005a0d5d000011002d
010003025d000011002d
0600620d00000011002d
0100040200000011002d
0200040400000011002d
0100040200000011002d
0200010400000011002d
0200020400000011002d
0200010400000011002d
0200030400000011002d
0200040400000011002d
0100040200000011002d
0200020400000011002d
0100020200000011002d
0200030400000011002d
0200020400000011002d
06005a0d5d000011002d
0600010d040b0011002d
01000303050c0014002e
01000203060d0016002f
0600320d373e0016002f
02000105373d00150030
06001e0d232900150030
06005a0d5f0000150030
010001025f0000150030
020001055e0000140031
020004055d6300100032
020004055b62000c0033
010002035c63000e0034
020002055b62000c0035
020002055b61000a0036
010004035c63000e0037
020001055c62000d0038
010001035c63000e0039
010004035e000012003a
0600630d00000012003a
06001e0d22280012003a
020004052027000e003b
010001032127000f003c
0100010321270010003d
06ffff0c21270010003d
020002052027000e003e
0600620d0000000e003e
06005a0d5c63000e003e
010002035d630010003f
06001e0d21270010003f
020004051f26000c0040
0600630d0000000c0040
010001020000000c0040
06005a0d5b62000c0040
010004035d6300100041
020003055c62000d0042
010001035c63000e0043
020003055b62000b0044
0600010d0209000b0044
0600020d030a000b0044
06ffff0c030a000b0044
01000203040a000d0045
0600010d0309000d0045
020002050209000b0046
02000205010800090047
06005a0d5a6100090047
02000305596000060048
010004035b61000a0049
0600640d0000000a0049
0600020d0309000a0049
0600020d0309000a0049
01000103030a000b004a
06001e0d1f26000b004a
010004032127000f004b
0600320d353b000f004b
01000303363c0012004c
01000403373e0016004d
06000a0d0f160016004d
020003050e150013004e
010001030e150014004f
010002030f1600160050
0600000d050c00160050
0600320d373e00160050
01000303383f00190051
02000405373d00150052
02000105363d00140053
01000103373d00150054
0600330d383e00150054
01000103383f00160055
01000103393f00170056
01000103394000180057
0600330d394000180057
02000105393f00170058
010003033a40001a0059
010003033b41001d005a
010002033c42001f005b
020004053a41001b005c
010003033b42001e005d
0600330d3b42001e005d
010003033c430021005e
020001053c420020005f
010001033c4300210060
020003053b42001e0061
010004033d4300220062
0600020d0c1200220062
06ffff0c0c1200220062
020003050b11001f0063
020001050a11001e0064
010003030b1200210065
010002030c1300230066
020001050c1200220067
010002030c1300240068
010001030d1300250069
010003030e140028006a
0600620d00000028006a
0200010400000028006a
0100040200000028006a
0200030400000028006a
0200030400000028006a
0100010200000028006a
0100040200000028006a
0200030400000028006a
0200010400000028006a
0200010400000028006a
0200020400000028006a
0200010400000028006a
0100030200000028006a
06001e0d2a300028006a
0600320d3e440028006a
0600000d0c120028006a
06001e0d2a300028006a
02000405282f0024006b
0600020d0c130024006b
020004050b110020006c
010003030c130023006d
06000a0d141b0023006d
06000a0d141b0023006d
0600330d3d440023006d
010001033d440024006e
010002033e450026006f
010004034046002a0070
020001053f4600290071
010003034047002c0072
06001e0d2b32002c0072
020004052a3000280073
010003032b31002b0074
020001052b31002a0075
0600310d3e44002a0075
020001053d4400290076
010004033f45002d0077
01000403404600310078
020004053f45002d0079
0600330d4147002d0079
020004053f460029007a
020004053e440025007b
0600650c3e440025007b
010002033f450027007c
020001053e450026007d
020004053d430022007e
020002053c420020007f
0600460d4f550020007f
020004054e54001c0080
020004054c5300180081
010003034d54001b0082
06001e0d252c001b0082
02000205242b00190083
0600310d373e00190083
0600000d060d00190083
01000403080e001d0084
01000103080f001e0085
0600460d4e55001e0085
0600620d0000001e0085
0600650c0000001e0085
0600020d0a11001e0085
02000405090f001a0086
02000105080f00190087
0600620d000000190087
0600460d4c5300190087
010004034e54001d0088
0600320d3a40001d0088
02000405383f00190089
06001e0d242b00190089
01000303262c001c008a
01000103262c001d008b
01000103262d001e008c
0600620d0000001e008c
010003020000001e008c
0600010d0910001e008c
0600650c0910001e008c
0600640d0000001e008c
020003040000001e008c
020004040000001e008c
010002020000001e008c
010001020000001e008c
010001020000001e008c
010004020000001e008c
020002040000001e008c
010002020000001e008c
0600620d0000001e008c
020004040000001e008c
010004020000001e008c
06005a0d6200001e008c
020001056200001d008d
0600500d585e001d008d
040000092f3500000000
0500000b2f3500000000
030015272e3600000000
06005a2d565e00000000
06005a2d565e00000000
01000b235960000b0001
01000f235b63001a0002
010005235c00001f0003
010006225c00001f0003
01000a225c00001f0003
02001825585f00070004
0600012d000600070004
010006230007000d0005
0600022d0108000d0005
02000925000600040006
0600622d5f0000040006
02000f255c63fff50007
020010255960ffe50008
0600632d5a61ffe50008
06ffff2c5a61ffe50008
01000f235d00fff40009
010006225d00fff40009
010006225d00fff40009
01001b225d00fff40009
0600002d0001fff40009
06001e2d181ffff40009
02001925131affdb000a
01001423171effef000b
01000423181ffff3000c
01000f231b220002000d
020007251921fffb000e
01001a231e260015000f
0600632d63000015000f
0100082263000015000f
01001e2263000015000f
02000e25610000070010
01001d22610000070010
02000325600000040011
02001e255a62ffe60012
0600332d2a32ffe60012
010015232e36fffb0013
06ffff2c2e36fffb0013
0600002d0003fffb0013
020012240003fffb0013
01000623000400010014
01001c230209001d0015
0600022d040b001d0015
02001f250005fffe0016
01002023040b001e0017
02001625000700080018
0600462d444b00080018
01001323484f001b0019
02001125444c000a001a
01001023474f001a001b
02001325444b0007001c
0600642d62000007001c
01001b2262000007001c
0600652c62000007001c
0200042561000003001d
0100032261000003001d
02000f255e00fff4001e
010013225e00fff4001e
02000c255c63ffe8001f
01001823600000000020
020019255c63ffe70021
020003255b62ffe40022
01001f23610000030023
02000e255e00fff50024
020009255d00ffec0025
010016225d00ffec0025
020003255c63ffe90026
010001235c63ffea0027
010009235e00fff30028
020011255b62ffe20029
010005235c63ffe7002a
020008255a61ffdf002b
06005a2d5057ffdf002b
010003235158ffe2002c
020003255057ffdf002d
020001255057ffde002e
0600312d272effde002e
02000125272effdd002f
02000b25252cffd20030
02000925232affc90031
02001c251e25ffad0032
01002023242bffcd0033
01001523282fffe20034
01001d232d34ffff0035
02001f25272effe00036
0600022d0000ffe00036
020009240000ffe00036
01000b220000ffe00036
0600462d3c43ffe00036
0600332d2930ffe00036
010018232e35fff80037
010002232e35fffa0038
01001f23343b00190039
0600462d474e00190039
02000225474e0017003a
0600002d01080017003a
01001b23060d0032003b
02001b2501080017003c
0200022500080015003d
06000a2d0a120015003d
02001b25050cfffa003e
01000e23080f0008003f
010002230810000a0040
010003230910000d0041
0600002d0006000d0041
020001240006000d0041
06001e2d1d24000d0041
06000a2d0910000d0041
0600022d0108000d0041
01000f23040b001c0042
01001823080f00340043
06005a2d600000340043
02000d255e0000270044
02001a255960000d0045
01001b235e0000280046
01001d225e0000280046
06000a2d0e1500280046
06ffff2c0e1500280046
0600652c0e1500280046
01000c23101700340047
02000a250f16002a0048
020010250b13001a0049
010005230c14001f004a
0600002d020a001f004a
0200162500050009004b
0200032400050009004b
0200202400050009004b
01000c2300080015004c
0200062400080015004c
0600462d464e0015004c
02000325464d0012004d
01001b234b52002d004e
01001b2350570048004f
010003235158004b0050
0600632d0000004b0050
0600322d3d44004b0050
06000a2d151c004b0050
01001323181f005e0051
02000325181e005b0052
02000825161d00530053
0600462d525900530053
0600002d0c1300530053
02000d250a1100460054
010006230b12004c0055
010014230f1500600056
0600632d000000600056
0600322d414700600056
01001723454b00770057
02001f253f4600580058
020012253c4300460059
0600652c3c4300460059
01001b2341470061005a
020005254046005c005b
0600322d4046005c005b
010003234047005f005c
0100062341480065005d
01001123444a0076005e
02000625434a0070005f
01000a23454b007a0060
02000925444a00710061
0600322d444a00710061
01000c23464c007d0062
02001425424800690063
020015253e4500540064
010016234249006a0065
01001d23474d00870066
06ffff2c474d00870066
01000123474d00880067
02001e254249006a0068
020014253f4500560069
01001e23444a0074006a
0600632d00000074006a
0100032200000074006a
06000a2d1c220074006a
02000e251a200066006b
02000425191f0062006c
010010231c220072006d
020008251a21006a006e
02001125171e0059006f
010019231c2200720070
0600632d000000720070
0600652c000000720070
06001e2d303600720070
020011252d3300610071
02001b25282f00460072
01001d232d3400630073
01000c232f35006f0074
0600642d0000006f0074
020019240000006f0074
06ffff2c0000006f0074
01000b220000006f0074
01001c220000006f0074
0600462d575d006f0074
010014235b6000830075
010006235b6100890076
0600632d000000890076
01000f22000000890076
0600012d161c00890076
01001123191f009a0077
01001c231d2200b60078
020008251c2100ae0079
010011231e2300bf007a
01001d23222600dc007b
01001f23252800fb007c
0100052325290100007d
06000a2d2e320100007d
020007252e3100f9007e
0600322d565900f9007e
0600642d000000f9007e
01001722000000f9007e
02001624000000f9007e
02001d24000000f9007e
0600642d000000f9007e
06000a2d2e3100f9007e
02001b252b2f00de007f
01000c232c3000ea0080
06000a2d2c3000ea0080
010010232e3100fa0081
0600652c2e3100fa0081
010012232f33010c0082
0600022d272b010c0082
02000f25262a00fd0083
02000c25252900f10084
01001b23272b010c0085
01000f23282c011b0086
01000923292c01240087
01001e232b2e01420088
020002252b2e01400089
0600332d5c5f01400089
010006235c5f0146008a
01001d235e600163008b
02000f255d600154008c
0600332d5d600154008c
0600332d5d600154008c
020007255d5f014d008d
0600622d0000014d008d
0600332d5d5f014d008d
010003235d5f0150008e
010012235e600162008f
020005255e60015d0090
010019235f6101760091
020011255e6001650092
0600322d5d5f01650092
020001255d5f01640093
0600462d000001640093
01001222000001640093
02001a24000001640093
06005a2d000001640093
01001f22000001640093
0600312d5c5e01640093
010002235c5e01660094
01001f235d5f01850095
06005a2d000001850095
01000222000001850095
02000f24000001850095
02001324000001850095
01001e22000001850095
0600332d5f6101850095
020015255e6101700096
02001d255d6001530097
06001e2d484b01530097
02001a25474901390098
02000425464901350099
01001923484a014e009a
02000725474a0147009b
01001623494b015d009c
02000325484b015a009d
010019234a4c0173009e
02000b25494b0168009f
0600022d2d2f0168009f
0600322d5d5f0168009f
020012255c5f015600a0
0600002d2a2d015600a0
020008252a2c014e00a1
02001925282b013500a2
02001425272a012100a3
020020252428010100a4
010010232629011100a5
01001923282b012a00a6
020013252629011700a7
01001d23282b013400a8
01001123292c014500a9
0600652c292c014500a9
01000b232a2c015000aa
02001d25282b013300ab
010019232a2c014c00ac
010005232a2d015100ad
02001b25282b013600ae
01000e23292c014400af
02000d25282b013700b0
01000f23292c014600b1
02000f25282b013700b2
02000325282b013400b3
0600322d5a5d013400b3
010017235c5e014b00b4
01001f235d60016a00b5
0600622d0000016a00b5
0600322d5d60016a00b5
06000a2d3538016a00b5
0600502d0000016a00b5
040000292e3600000000
0500002b2e3600000000
03000e47313300000000
